ORG_ID,external_department_name,external_department_id,org_code
421106908,首钢集团.钢铁板块管理平台（股份公司）.北京首钢股份有限公司.资源开发事业部.电子商务中心.储运项目组.热轧发运乙班,20491061,20491061
424131889,首钢集团.钢铁板块管理平台（股份公司）.北京首钢股份有限公司.营销中心.冷板销售部硅钢销售室,20677231,20677231
16550925,首钢集团.钢铁板块管理平台（股份公司）.北京首钢股份有限公司.北京首钢钢贸投资管理有限公司,20000194,20000194
16560849,首钢集团.钢铁板块管理平台（股份公司）.北京首钢股份有限公司.北京首钢钢贸投资管理有限公司.佛山首钢汽车部件有限公司,20000331,20000331
16560852,首钢集团.钢铁板块管理平台（股份公司）.北京首钢股份有限公司.北京首钢钢贸投资管理有限公司.广州首钢钢铁贸易有限公司,20000334,20000334
16560859,首钢集团.钢铁板块管理平台（股份公司）.北京首钢股份有限公司.北京首钢钢贸投资管理有限公司.哈尔滨首钢钢材加工配送有限公司,20000367,20000367
16560882,首钢集团.钢铁板块管理平台（股份公司）.北京首钢股份有限公司.北京首钢钢贸投资管理有限公司.山东首钢钢铁贸易有限公司,20000431,20000431
16560891,首钢集团.钢铁板块管理平台（股份公司）.北京首钢股份有限公司.北京首钢钢贸投资管理有限公司.上海首钢钢铁贸易有限公司,20000436,20000436
47393165,首钢集团.钢铁板块管理平台（股份公司）.北京首钢股份有限公司.迁安首钢冶金科技有限公司,20000445,20000445
16560893,首钢集团.钢铁板块管理平台（股份公司）.北京首钢股份有限公司.北京首钢钢贸投资管理有限公司.首钢鹏龙钢材有限公司,20000474,20000474
16560902,首钢集团.钢铁板块管理平台（股份公司）.北京首钢股份有限公司.北京首钢钢贸投资管理有限公司.苏州首钢钢材加工配送有限公司,20000489,20000489
16560908,首钢集团.钢铁板块管理平台（股份公司）.北京首钢股份有限公司.北京首钢钢贸投资管理有限公司.天津首钢钢铁贸易有限公司,20000506,20000506
16560878,首钢集团.钢铁板块管理平台（股份公司）.北京首钢股份有限公司.北京首钢钢贸投资管理有限公司.天津首钢钢铁贸易有限公司,20000506,20000506
16560923,首钢集团.钢铁板块管理平台（股份公司）.北京首钢股份有限公司.北京首钢钢贸投资管理有限公司.武汉首钢钢铁贸易有限公司,20000522,20000522
16560936,首钢集团.钢铁板块管理平台（股份公司）.北京首钢股份有限公司.北京首钢钢贸投资管理有限公司.重庆首钢武中汽车部件有限公司,20000553,20000553
16560919,首钢集团.钢铁板块管理平台（股份公司）.北京首钢股份有限公司.北京首钢钢贸投资管理有限公司.沈阳首钢钢材加工配送有限公司,20000829,20000829
57527764,首钢集团.钢铁板块管理平台（股份公司）.北京首钢股份有限公司.首钢股份公司迁安钢铁公司,20000831,20000831
16560897,首钢集团.钢铁板块管理平台（股份公司）.北京首钢股份有限公司.北京首钢钢贸投资管理有限公司.株洲首鹏汇隆钢材加工配送有限公司,20000927,20000927
57528833,首钢集团.钢铁板块管理平台（股份公司）.北京首钢股份有限公司.工会,20001825,20001825
57557417,首钢集团.钢铁板块管理平台（股份公司）.北京首钢股份有限公司.热轧作业部.精整作业区,20001933,20001933
57552678,首钢集团.钢铁板块管理平台（股份公司）.北京首钢股份有限公司.质量检验部.物理检测室.金相班组,20003010,20003010
1780632,首钢集团.钢铁板块管理平台（股份公司）.北京首钢股份有限公司.炼铁作业部.安全管理室.警士班,20003095,20003095
57547393,首钢集团.钢铁板块管理平台（股份公司）.北京首钢股份有限公司.炼铁作业部.设备管理室.维护班,20003111,20003111
57545710,首钢集团.钢铁板块管理平台（股份公司）.北京首钢股份有限公司.北京首钢冷轧薄板有限公司.酸轧作业区.磨辊间日班,20003144,20003144
57545652,首钢集团.钢铁板块管理平台（股份公司）.北京首钢股份有限公司.北京首钢冷轧薄板有限公司.酸轧作业区.磨辊间甲班,20003146,20003146
57545721,首钢集团.钢铁板块管理平台（股份公司）.北京首钢股份有限公司.北京首钢冷轧薄板有限公司.酸轧作业区.磨辊间乙班,20003148,20003148
57545705,首钢集团.钢铁板块管理平台（股份公司）.北京首钢股份有限公司.北京首钢冷轧薄板有限公司.酸轧作业区.磨辊间丙班,20003150,20003150
57545703,首钢集团.钢铁板块管理平台（股份公司）.北京首钢股份有限公司.北京首钢冷轧薄板有限公司.酸轧作业区.磨辊间丁班,20003152,20003152
57545717,首钢集团.钢铁板块管理平台（股份公司）.北京首钢股份有限公司.北京首钢冷轧薄板有限公司.酸轧作业区.原料班日班,20003154,20003154
57545715,首钢集团.钢铁板块管理平台（股份公司）.北京首钢股份有限公司.北京首钢冷轧薄板有限公司.酸轧作业区.酸轧作业线甲班,20003156,20003156
57545698,首钢集团.钢铁板块管理平台（股份公司）.北京首钢股份有限公司.北京首钢冷轧薄板有限公司.酸轧作业区.酸轧作业线乙班,20003158,20003158
57545649,首钢集团.钢铁板块管理平台（股份公司）.北京首钢股份有限公司.北京首钢冷轧薄板有限公司.酸轧作业区.酸轧作业线丙班,20003160,20003160
57545664,首钢集团.钢铁板块管理平台（股份公司）.北京首钢股份有限公司.北京首钢冷轧薄板有限公司.酸轧作业区.酸轧作业线丁班,20003162,20003162
57545987,首钢集团.钢铁板块管理平台（股份公司）.北京首钢股份有限公司.北京首钢冷轧薄板有限公司.连退作业区.连退作业线甲班,20003164,20003164
57545988,首钢集团.钢铁板块管理平台（股份公司）.北京首钢股份有限公司.北京首钢冷轧薄板有限公司.连退作业区.连退作业线甲班,20003164,20003164
57545993,首钢集团.钢铁板块管理平台（股份公司）.北京首钢股份有限公司.北京首钢冷轧薄板有限公司.连退作业区.连退作业线乙班,20003166,20003166
57546013,首钢集团.钢铁板块管理平台（股份公司）.北京首钢股份有限公司.北京首钢冷轧薄板有限公司.连退作业区.连退作业线丙班,20003168,20003168
57546031,首钢集团.钢铁板块管理平台（股份公司）.北京首钢股份有限公司.北京首钢冷轧薄板有限公司.连退作业区.连退作业线丁班,20003170,20003170
57566038,首钢集团.钢铁板块管理平台（股份公司）.北京首钢股份有限公司.北京首钢冷轧薄板有限公司.镀锌作业区.镀锌线甲班,20003172,20003172
57566034,首钢集团.钢铁板块管理平台（股份公司）.北京首钢股份有限公司.北京首钢冷轧薄板有限公司.镀锌作业区.镀锌线乙班,20003174,20003174
57566036,首钢集团.钢铁板块管理平台（股份公司）.北京首钢股份有限公司.北京首钢冷轧薄板有限公司.镀锌作业区.镀锌线丙班,20003176,20003176
57566032,首钢集团.钢铁板块管理平台（股份公司）.北京首钢股份有限公司.北京首钢冷轧薄板有限公司.镀锌作业区.镀锌线丁班,20003178,20003178
57563443,首钢集团.钢铁板块管理平台（股份公司）.北京首钢股份有限公司.北京首钢冷轧薄板有限公司.成品罩退作业区.中间库库管甲班,20003180,20003180
57563441,首钢集团.钢铁板块管理平台（股份公司）.北京首钢股份有限公司.北京首钢冷轧薄板有限公司.成品罩退作业区.中间库库管乙班,20003182,20003182
57563451,首钢集团.钢铁板块管理平台（股份公司）.北京首钢股份有限公司.北京首钢冷轧薄板有限公司.成品罩退作业区.中间库库管丙班,20003184,20003184
57563446,首钢集团.钢铁板块管理平台（股份公司）.北京首钢股份有限公司.北京首钢冷轧薄板有限公司.成品罩退作业区.中间库库管丁班,20003186,20003186
57563448,首钢集团.钢铁板块管理平台（股份公司）.北京首钢股份有限公司.北京首钢冷轧薄板有限公司.成品罩退作业区.重卷甲班,20003188,20003188
57563460,首钢集团.钢铁板块管理平台（股份公司）.北京首钢股份有限公司.北京首钢冷轧薄板有限公司.成品罩退作业区.重卷乙班,20003190,20003190
57563456,首钢集团.钢铁板块管理平台（股份公司）.北京首钢股份有限公司.北京首钢冷轧薄板有限公司.成品罩退作业区.重卷丙班,20003192,20003192
57563454,首钢集团.钢铁板块管理平台（股份公司）.北京首钢股份有限公司.北京首钢冷轧薄板有限公司.成品罩退作业区.重卷丁班,20003194,20003194
57563458,首钢集团.钢铁板块管理平台（股份公司）.北京首钢股份有限公司.北京首钢冷轧薄板有限公司.成品罩退作业区.库管班白班,20003196,20003196
57562614,首钢集团.钢铁板块管理平台（股份公司）.北京首钢股份有限公司.北京首钢冷轧薄板有限公司.维检作业区.连退维护班白班,20003200,20003200
57562399,首钢集团.钢铁板块管理平台（股份公司）.北京首钢股份有限公司.北京首钢冷轧薄板有限公司.维检作业区.镀锌维护班白班,20003202,20003202
57562441,首钢集团.钢铁板块管理平台（股份公司）.北京首钢股份有限公司.北京首钢冷轧薄板有限公司.维检作业区.重卷维护班白班,20003204,20003204
57562444,首钢集团.钢铁板块管理平台（股份公司）.北京首钢股份有限公司.北京首钢冷轧薄板有限公司.维检作业区.落料修理班白班,20003206,20003206
57562616,首钢集团.钢铁板块管理平台（股份公司）.北京首钢股份有限公司.北京首钢冷轧薄板有限公司.维检作业区.能介维护班白班,20003208,20003208
57562446,首钢集团.钢铁板块管理平台（股份公司）.北京首钢股份有限公司.北京首钢冷轧薄板有限公司.维检作业区.炉修维护班白班,20003210,20003210
57562448,首钢集团.钢铁板块管理平台（股份公司）.北京首钢股份有限公司.北京首钢冷轧薄板有限公司.维检作业区.机修修理班白班,20003212,20003212
57562452,首钢集团.钢铁板块管理平台（股份公司）.北京首钢股份有限公司.北京首钢冷轧薄板有限公司.维检作业区.液压修理班白班,20003214,20003214
57562450,首钢集团.钢铁板块管理平台（股份公司）.北京首钢股份有限公司.北京首钢冷轧薄板有限公司.维检作业区.工艺修理班白班,20003216,20003216
57562454,首钢集团.钢铁板块管理平台（股份公司）.北京首钢股份有限公司.北京首钢冷轧薄板有限公司.创业中心.修缮服务班白班,20003218,20003218
57562612,首钢集团.钢铁板块管理平台（股份公司）.北京首钢股份有限公司.北京首钢冷轧薄板有限公司.维检作业区.电机维护班白班,20003220,20003220
57562395,首钢集团.钢铁板块管理平台（股份公司）.北京首钢股份有限公司.北京首钢冷轧薄板有限公司.维检作业区.电气维护班白班,20003222,20003222
57562618,首钢集团.钢铁板块管理平台（股份公司）.北京首钢股份有限公司.北京首钢冷轧薄板有限公司.维检作业区.四班点检维护班甲班,20003224,20003224
57562682,首钢集团.钢铁板块管理平台（股份公司）.北京首钢股份有限公司.北京首钢冷轧薄板有限公司.维检作业区.四班点检维护班乙班,20003226,20003226
57562680,首钢集团.钢铁板块管理平台（股份公司）.北京首钢股份有限公司.北京首钢冷轧薄板有限公司.维检作业区.四班点检维护班丙班,20003228,20003228
57562686,首钢集团.钢铁板块管理平台（股份公司）.北京首钢股份有限公司.北京首钢冷轧薄板有限公司.维检作业区.四班点检维护班丁班,20003230,20003230
178698477,首钢集团.钢铁板块管理平台（股份公司）.北京首钢股份有限公司.北京首钢冷轧薄板有限公司.制造部.检化验甲班,20003232,20003232
178698361,首钢集团.钢铁板块管理平台（股份公司）.北京首钢股份有限公司.北京首钢冷轧薄板有限公司.制造部.检化验乙班,20003234,20003234
178698404,首钢集团.钢铁板块管理平台（股份公司）.北京首钢股份有限公司.北京首钢冷轧薄板有限公司.制造部.检化验丙班,20003236,20003236
178698417,首钢集团.钢铁板块管理平台（股份公司）.北京首钢股份有限公司.北京首钢冷轧薄板有限公司.制造部.检化验丁班,20003238,20003238
57527380,首钢集团.钢铁板块管理平台（股份公司）.北京首钢股份有限公司.北京首钢冷轧薄板有限公司.安全保卫部.安监控班甲班,20003240,20003240
57527385,首钢集团.钢铁板块管理平台（股份公司）.北京首钢股份有限公司.北京首钢冷轧薄板有限公司.安全保卫部.安监控班乙班,20003242,20003242
57527354,首钢集团.钢铁板块管理平台（股份公司）.北京首钢股份有限公司.北京首钢冷轧薄板有限公司.安全保卫部.安监控班丙班,20003244,20003244
57527389,首钢集团.钢铁板块管理平台（股份公司）.北京首钢股份有限公司.北京首钢冷轧薄板有限公司.安全保卫部.安监控班丁班,20003246,20003246
57545290,首钢集团.钢铁板块管理平台（股份公司）.北京首钢股份有限公司.北京首钢冷轧薄板有限公司.安全保卫部.消防中控班甲班,20003248,20003248
57545314,首钢集团.钢铁板块管理平台（股份公司）.北京首钢股份有限公司.北京首钢冷轧薄板有限公司.安全保卫部.消防中控班甲班,20003248,20003248
57545294,首钢集团.钢铁板块管理平台（股份公司）.北京首钢股份有限公司.北京首钢冷轧薄板有限公司.安全保卫部.消防中控班乙班,20003250,20003250
57527365,首钢集团.钢铁板块管理平台（股份公司）.北京首钢股份有限公司.北京首钢冷轧薄板有限公司.安全保卫部.消防中控班丙班,20003252,20003252
57545292,首钢集团.钢铁板块管理平台（股份公司）.北京首钢股份有限公司.北京首钢冷轧薄板有限公司.安全保卫部.消防中控班丁班,20003254,20003254
57546294,首钢集团.钢铁板块管理平台（股份公司）.北京首钢股份有限公司.北京首钢冷轧薄板有限公司.创业中心.监磅挑选班甲班,20003256,20003256
57546289,首钢集团.钢铁板块管理平台（股份公司）.北京首钢股份有限公司.北京首钢冷轧薄板有限公司.创业中心.监磅挑选班乙班,20003258,20003258
57546287,首钢集团.钢铁板块管理平台（股份公司）.北京首钢股份有限公司.北京首钢冷轧薄板有限公司.创业中心.监磅挑选班丁班,20003260,20003260
57544987,首钢集团.钢铁板块管理平台（股份公司）.北京首钢股份有限公司.北京首钢冷轧薄板有限公司.设备部.备件班甲班,20003262,20003262
57544972,首钢集团.钢铁板块管理平台（股份公司）.北京首钢股份有限公司.北京首钢冷轧薄板有限公司.设备部.备件班甲班,20003262,20003262
366295730,首钢集团.钢铁板块管理平台（股份公司）.北京首钢股份有限公司.北京首钢冷轧薄板有限公司.设备部.备件班甲班,20003262,20003262
57544964,首钢集团.钢铁板块管理平台（股份公司）.北京首钢股份有限公司.北京首钢冷轧薄板有限公司.设备部.备件班乙班,20003264,20003264
57544969,首钢集团.钢铁板块管理平台（股份公司）.北京首钢股份有限公司.北京首钢冷轧薄板有限公司.设备部.备件班丙班,20003266,20003266
57544994,首钢集团.钢铁板块管理平台（股份公司）.北京首钢股份有限公司.北京首钢冷轧薄板有限公司.设备部.备件班丁班,20003268,20003268
57544980,首钢集团.钢铁板块管理平台（股份公司）.北京首钢股份有限公司.北京首钢冷轧薄板有限公司.设备部.材料班甲班,20003270,20003270
57544975,首钢集团.钢铁板块管理平台（股份公司）.北京首钢股份有限公司.北京首钢冷轧薄板有限公司.设备部.材料班乙班,20003272,20003272
57544954,首钢集团.钢铁板块管理平台（股份公司）.北京首钢股份有限公司.北京首钢冷轧薄板有限公司.设备部.材料班丙班,20003274,20003274
57544997,首钢集团.钢铁板块管理平台（股份公司）.北京首钢股份有限公司.北京首钢冷轧薄板有限公司.设备部.材料班丁班,20003276,20003276
57546285,首钢集团.钢铁板块管理平台（股份公司）.北京首钢股份有限公司.北京首钢冷轧薄板有限公司.创业中心.监磅挑选班丙班,20003278,20003278
1522227,首钢集团.钢铁板块管理平台（股份公司）.北京首钢股份有限公司.炼铁作业部.动力作业区.球团原料甲班,20003283,20003283
13763218,首钢集团.钢铁板块管理平台（股份公司）.北京首钢股份有限公司.资源开发事业部.电子商务中心.运营部.技术组,20004507,20004507
13774858,首钢集团.钢铁板块管理平台（股份公司）.北京首钢股份有限公司.资源开发事业部.电子商务中心.运营部.客服组,20004508,20004508
13814916,首钢集团.钢铁板块管理平台（股份公司）.北京首钢股份有限公司.职工创业开发中心.创业开发室.供应服务项目组.脱硫渣处理项目部.新产线白班,20004555,20004555
13887969,首钢集团.钢铁板块管理平台（股份公司）.北京首钢股份有限公司.资源开发事业部.电子商务中心.采购部.原料组,20005232,20005232
16561006,首钢集团.钢铁板块管理平台（股份公司）.北京首钢股份有限公司.北京首钢钢贸投资管理有限公司.综合管理部,20005923,20005923
16561016,首钢集团.钢铁板块管理平台（股份公司）.北京首钢股份有限公司.北京首钢钢贸投资管理有限公司.宁波首钢汽车部件有限公司,20006063,20006063
8482409,首钢集团.钢铁板块管理平台（股份公司）.北京首钢股份有限公司.首钢智新电磁材料(迁安)股份有限公司.经营财务部,20006121,20006121
8481987,首钢集团.钢铁板块管理平台（股份公司）.北京首钢股份有限公司.首钢智新电磁材料(迁安)股份有限公司.纪委（监察部）,20006122,20006122
311201809,首钢集团.钢铁板块管理平台（股份公司）.北京首钢股份有限公司.首钢智新电磁材料(迁安)股份有限公司.纪委,20006122,20006122
8479390,首钢集团.钢铁板块管理平台（股份公司）.北京首钢股份有限公司.首钢智新电磁材料(迁安)股份有限公司.工会,20006123,20006123
11671772,首钢集团.钢铁板块管理平台（股份公司）.北京首钢股份有限公司.首钢智新电磁材料(迁安)股份有限公司.产品研发部,20006127,20006127
52695241,首钢集团.钢铁板块管理平台（股份公司）.北京首钢股份有限公司.首钢智新电磁材料(迁安)股份有限公司.质量技术部.综合判定班,20006148,20006148
52695245,首钢集团.钢铁板块管理平台（股份公司）.北京首钢股份有限公司.首钢智新电磁材料(迁安)股份有限公司.维检作业区.连退钳工二班,20006152,20006152
52695086,首钢集团.钢铁板块管理平台（股份公司）.北京首钢股份有限公司.首钢智新电磁材料(迁安)股份有限公司.维检作业区.炉修钳工班,20006161,20006161
52695106,首钢集团.钢铁板块管理平台（股份公司）.北京首钢股份有限公司.首钢智新电磁材料(迁安)股份有限公司.维检作业区.运行二班甲班,20006166,20006166
52695111,首钢集团.钢铁板块管理平台（股份公司）.北京首钢股份有限公司.首钢智新电磁材料(迁安)股份有限公司.维检作业区.运行二班乙班,20006167,20006167
52695467,首钢集团.钢铁板块管理平台（股份公司）.北京首钢股份有限公司.首钢智新电磁材料(迁安)股份有限公司.维检作业区.运行二班丙班,20006168,20006168
52695121,首钢集团.钢铁板块管理平台（股份公司）.北京首钢股份有限公司.首钢智新电磁材料(迁安)股份有限公司.维检作业区.运行二班丁班,20006169,20006169
52695127,首钢集团.钢铁板块管理平台（股份公司）.北京首钢股份有限公司.首钢智新电磁材料(迁安)股份有限公司.维检作业区.检修班,20006174,20006174
52695116,首钢集团.钢铁板块管理平台（股份公司）.北京首钢股份有限公司.首钢智新电磁材料(迁安)股份有限公司.设备部.焊机点检班,20006175,20006175
52695119,首钢集团.钢铁板块管理平台（股份公司）.北京首钢股份有限公司.首钢智新电磁材料(迁安)股份有限公司.一作业区.酸轧甲班,20006176,20006176
52695148,首钢集团.钢铁板块管理平台（股份公司）.北京首钢股份有限公司.首钢智新电磁材料(迁安)股份有限公司.一作业区.酸轧乙班,20006177,20006177
52695137,首钢集团.钢铁板块管理平台（股份公司）.北京首钢股份有限公司.首钢智新电磁材料(迁安)股份有限公司.一作业区.酸轧丙班,20006178,20006178
52695473,首钢集团.钢铁板块管理平台（股份公司）.北京首钢股份有限公司.首钢智新电磁材料(迁安)股份有限公司.二作业区.退火甲班,20006194,20006194
52695182,首钢集团.钢铁板块管理平台（股份公司）.北京首钢股份有限公司.首钢智新电磁材料(迁安)股份有限公司.二作业区.退火乙班,20006195,20006195
52695177,首钢集团.钢铁板块管理平台（股份公司）.北京首钢股份有限公司.首钢智新电磁材料(迁安)股份有限公司.二作业区.退火丙班,20006196,20006196
52695201,首钢集团.钢铁板块管理平台（股份公司）.北京首钢股份有限公司.首钢智新电磁材料(迁安)股份有限公司.二作业区.退火丁班,20006197,20006197
52695178,首钢集团.钢铁板块管理平台（股份公司）.北京首钢股份有限公司.首钢智新电磁材料(迁安)股份有限公司.二作业区.设备点检班,20006198,20006198
52695101,首钢集团.钢铁板块管理平台（股份公司）.北京首钢股份有限公司.首钢智新电磁材料(迁安)股份有限公司.动力作业区.供水运行班,20006221,20006221
16561024,首钢集团.钢铁板块管理平台（股份公司）.北京首钢股份有限公司.北京首钢钢贸投资管理有限公司.经营财务部,20006364,20006364
16561034,首钢集团.钢铁板块管理平台（股份公司）.北京首钢股份有限公司.北京首钢钢贸投资管理有限公司.工厂管理部,20006365,20006365
16561042,首钢集团.钢铁板块管理平台（股份公司）.北京首钢股份有限公司.北京首钢钢贸投资管理有限公司.宁波首钢汽车部件有限公司.财务部,20006544,20006544
57556816,首钢集团.钢铁板块管理平台（股份公司）.北京首钢股份有限公司.炼铁作业部.部领导,20006633,20006633
57557008,首钢集团.钢铁板块管理平台（股份公司）.北京首钢股份有限公司.炼钢作业部.部领导,20006634,20006634
57557461,首钢集团.钢铁板块管理平台（股份公司）.北京首钢股份有限公司.热轧作业部.部领导,20006635,20006635
57557875,首钢集团.钢铁板块管理平台（股份公司）.北京首钢股份有限公司.质量检验部.部领导,20006636,20006636
57558058,首钢集团.钢铁板块管理平台（股份公司）.北京首钢股份有限公司.能源部.部领导,20006637,20006637
57558789,首钢集团.钢铁板块管理平台（股份公司）.北京首钢股份有限公司.职工创业开发中心.中心领导,20006638,20006638
57555895,首钢集团.钢铁板块管理平台（股份公司）.北京首钢股份有限公司.营销中心.中心领导,20006639,20006639
57556090,首钢集团.钢铁板块管理平台（股份公司）.北京首钢股份有限公司.采购中心.中心领导,20006640,20006640
52695236,首钢集团.钢铁板块管理平台（股份公司）.北京首钢股份有限公司.首钢智新电磁材料(迁安)股份有限公司.公司领导,20006715,20006715
16561045,首钢集团.钢铁板块管理平台（股份公司）.北京首钢股份有限公司.北京首钢钢贸投资管理有限公司.佛山首钢汽车部件有限公司.办公室,20033001,20033001
16561051,首钢集团.钢铁板块管理平台（股份公司）.北京首钢股份有限公司.北京首钢钢贸投资管理有限公司.佛山首钢汽车部件有限公司.财务部,20033002,20033002
16560991,首钢集团.钢铁板块管理平台（股份公司）.北京首钢股份有限公司.北京首钢钢贸投资管理有限公司.佛山首钢汽车部件有限公司.市场营销部,20033003,20033003
16560993,首钢集团.钢铁板块管理平台（股份公司）.北京首钢股份有限公司.北京首钢钢贸投资管理有限公司.佛山首钢汽车部件有限公司.生产技术部,20033004,20033004
16560995,首钢集团.钢铁板块管理平台（股份公司）.北京首钢股份有限公司.北京首钢钢贸投资管理有限公司.广州首钢钢铁贸易有限公司.公司领导,20034001,20034001
16561074,首钢集团.钢铁板块管理平台（股份公司）.北京首钢股份有限公司.北京首钢钢贸投资管理有限公司.广州首钢钢铁贸易有限公司.办公室,20034002,20034002
16561089,首钢集团.钢铁板块管理平台（股份公司）.北京首钢股份有限公司.北京首钢钢贸投资管理有限公司.广州首钢钢铁贸易有限公司.运营管理部,20034003,20034003
16561121,首钢集团.钢铁板块管理平台（股份公司）.北京首钢股份有限公司.北京首钢钢贸投资管理有限公司.广州首钢钢铁贸易有限公司.财务部,20034004,20034004
16561125,首钢集团.钢铁板块管理平台（股份公司）.北京首钢股份有限公司.北京首钢钢贸投资管理有限公司.广州首钢钢铁贸易有限公司.热轧部,20034005,20034005
16561115,首钢集团.钢铁板块管理平台（股份公司）.北京首钢股份有限公司.北京首钢钢贸投资管理有限公司.广州首钢钢铁贸易有限公司.冷轧部,20034006,20034006
16561138,首钢集团.钢铁板块管理平台（股份公司）.北京首钢股份有限公司.北京首钢钢贸投资管理有限公司.广州首钢钢铁贸易有限公司.综合产品部,20034007,20034007
16561120,首钢集团.钢铁板块管理平台（股份公司）.北京首钢股份有限公司.北京首钢钢贸投资管理有限公司.广州首钢钢铁贸易有限公司.汽车板部,20034008,20034008
16561159,首钢集团.钢铁板块管理平台（股份公司）.北京首钢股份有限公司.北京首钢钢贸投资管理有限公司.哈尔滨首钢钢材加工配送有限公司.公司领导,20035001,20035001
16561195,首钢集团.钢铁板块管理平台（股份公司）.北京首钢股份有限公司.北京首钢钢贸投资管理有限公司.哈尔滨首钢钢材加工配送有限公司.办公室,20035002,20035002
16561228,首钢集团.钢铁板块管理平台（股份公司）.北京首钢股份有限公司.北京首钢钢贸投资管理有限公司.哈尔滨首钢钢材加工配送有限公司.市场营销部,20035003,20035003
16561232,首钢集团.钢铁板块管理平台（股份公司）.北京首钢股份有限公司.北京首钢钢贸投资管理有限公司.哈尔滨首钢钢材加工配送有限公司.生产技术部,20035004,20035004
16561238,首钢集团.钢铁板块管理平台（股份公司）.北京首钢股份有限公司.北京首钢钢贸投资管理有限公司.哈尔滨首钢钢材加工配送有限公司.财务部,20035005,20035005
16561300,首钢集团.钢铁板块管理平台（股份公司）.北京首钢股份有限公司.北京首钢钢贸投资管理有限公司.山东首钢钢铁贸易有限公司.公司领导,20036001,20036001
16561309,首钢集团.钢铁板块管理平台（股份公司）.北京首钢股份有限公司.北京首钢钢贸投资管理有限公司.山东首钢钢铁贸易有限公司.汽车板部,20036002,20036002
16561313,首钢集团.钢铁板块管理平台（股份公司）.北京首钢股份有限公司.北京首钢钢贸投资管理有限公司.山东首钢钢铁贸易有限公司.热轧部,20036003,20036003
16561326,首钢集团.钢铁板块管理平台（股份公司）.北京首钢股份有限公司.北京首钢钢贸投资管理有限公司.山东首钢钢铁贸易有限公司.综合产品部,20036004,20036004
16561365,首钢集团.钢铁板块管理平台（股份公司）.北京首钢股份有限公司.北京首钢钢贸投资管理有限公司.山东首钢钢铁贸易有限公司.运营管理部,20036005,20036005
16561375,首钢集团.钢铁板块管理平台（股份公司）.北京首钢股份有限公司.北京首钢钢贸投资管理有限公司.山东首钢钢铁贸易有限公司.财务部,20036006,20036006
16561388,首钢集团.钢铁板块管理平台（股份公司）.北京首钢股份有限公司.北京首钢钢贸投资管理有限公司.山东首钢钢铁贸易有限公司.办公室,20036007,20036007
16561348,首钢集团.钢铁板块管理平台（股份公司）.北京首钢股份有限公司.北京首钢钢贸投资管理有限公司.上海首钢钢铁贸易有限公司.公司领导,20037001,20037001
16561423,首钢集团.钢铁板块管理平台（股份公司）.北京首钢股份有限公司.北京首钢钢贸投资管理有限公司.上海首钢钢铁贸易有限公司.中厚板部,20037002,20037002
16561430,首钢集团.钢铁板块管理平台（股份公司）.北京首钢股份有限公司.北京首钢钢贸投资管理有限公司.上海首钢钢铁贸易有限公司.冷轧部,20037003,20037003
16561438,首钢集团.钢铁板块管理平台（股份公司）.北京首钢股份有限公司.北京首钢钢贸投资管理有限公司.上海首钢钢铁贸易有限公司.汽车板部,20037004,20037004
16563831,首钢集团.钢铁板块管理平台（股份公司）.北京首钢股份有限公司.北京首钢钢贸投资管理有限公司.上海首钢钢铁贸易有限公司.热轧部,20037005,20037005
16563676,首钢集团.钢铁板块管理平台（股份公司）.北京首钢股份有限公司.北京首钢钢贸投资管理有限公司.上海首钢钢铁贸易有限公司.办公室,20037006,20037006
16563833,首钢集团.钢铁板块管理平台（股份公司）.北京首钢股份有限公司.北京首钢钢贸投资管理有限公司.上海首钢钢铁贸易有限公司.财务部,20037007,20037007
16563668,首钢集团.钢铁板块管理平台（股份公司）.北京首钢股份有限公司.北京首钢钢贸投资管理有限公司.上海首钢钢铁贸易有限公司.运营管理部,20037008,20037008
23049272,首钢集团.钢铁板块管理平台（股份公司）.北京首钢股份有限公司.北京首钢钢贸投资管理有限公司.首钢鹏龙钢材有限公司.领导层,20038001,20038001
23049252,首钢集团.钢铁板块管理平台（股份公司）.北京首钢股份有限公司.北京首钢钢贸投资管理有限公司.首钢鹏龙钢材有限公司.市场营销部,20038002,20038002
23046413,首钢集团.钢铁板块管理平台（股份公司）.北京首钢股份有限公司.北京首钢钢贸投资管理有限公司.首钢鹏龙钢材有限公司.财务部,20038003,20038003
23049248,首钢集团.钢铁板块管理平台（股份公司）.北京首钢股份有限公司.北京首钢钢贸投资管理有限公司.首钢鹏龙钢材有限公司.办公室,20038004,20038004
23049261,首钢集团.钢铁板块管理平台（股份公司）.北京首钢股份有限公司.北京首钢钢贸投资管理有限公司.首钢鹏龙钢材有限公司.生产技术部,20038005,20038005
23049283,首钢集团.钢铁板块管理平台（股份公司）.北京首钢股份有限公司.北京首钢钢贸投资管理有限公司.首钢鹏龙钢材有限公司.一作业区,20038006,20038006
23049246,首钢集团.钢铁板块管理平台（股份公司）.北京首钢股份有限公司.北京首钢钢贸投资管理有限公司.首钢鹏龙钢材有限公司.二作业区,20038007,20038007
23049270,首钢集团.钢铁板块管理平台（股份公司）.北京首钢股份有限公司.北京首钢钢贸投资管理有限公司.首钢鹏龙钢材有限公司.维修班组,20038008,20038008
23041247,首钢集团.钢铁板块管理平台（股份公司）.北京首钢股份有限公司.北京首钢钢贸投资管理有限公司.首钢鹏龙钢材有限公司.保洁班组,20038009,20038009
23049268,首钢集团.钢铁板块管理平台（股份公司）.北京首钢股份有限公司.北京首钢钢贸投资管理有限公司.首钢鹏龙钢材有限公司.司机班,20038010,20038010
16563944,首钢集团.钢铁板块管理平台（股份公司）.北京首钢股份有限公司.北京首钢钢贸投资管理有限公司.苏州首钢钢材加工配送有限公司.公司领导,20039001,20039001
16563950,首钢集团.钢铁板块管理平台（股份公司）.北京首钢股份有限公司.北京首钢钢贸投资管理有限公司.苏州首钢钢材加工配送有限公司.办公室,20039002,20039002
16564006,首钢集团.钢铁板块管理平台（股份公司）.北京首钢股份有限公司.北京首钢钢贸投资管理有限公司.苏州首钢钢材加工配送有限公司.财务部,20039003,20039003
16563963,首钢集团.钢铁板块管理平台（股份公司）.北京首钢股份有限公司.北京首钢钢贸投资管理有限公司.苏州首钢钢材加工配送有限公司.市场营销部,20039004,20039004
16563966,首钢集团.钢铁板块管理平台（股份公司）.北京首钢股份有限公司.北京首钢钢贸投资管理有限公司.苏州首钢钢材加工配送有限公司.生产技术部,20039005,20039005
16563952,首钢集团.钢铁板块管理平台（股份公司）.北京首钢股份有限公司.北京首钢钢贸投资管理有限公司.苏州首钢钢材加工配送有限公司.品质管理部,20039006,20039006
16563045,首钢集团.钢铁板块管理平台（股份公司）.北京首钢股份有限公司.北京首钢钢贸投资管理有限公司.天津首钢钢铁贸易有限公司.公司领导,20040010,20040010
16563047,首钢集团.钢铁板块管理平台（股份公司）.北京首钢股份有限公司.北京首钢钢贸投资管理有限公司.天津首钢钢铁贸易有限公司.汽车板部,20040020,20040020
16563049,首钢集团.钢铁板块管理平台（股份公司）.北京首钢股份有限公司.北京首钢钢贸投资管理有限公司.天津首钢钢铁贸易有限公司.长春办事处,20040030,20040030
16563120,首钢集团.钢铁板块管理平台（股份公司）.北京首钢股份有限公司.北京首钢钢贸投资管理有限公司.天津首钢钢铁贸易有限公司.沈阳办事处,20040040,20040040
16563090,首钢集团.钢铁板块管理平台（股份公司）.北京首钢股份有限公司.北京首钢钢贸投资管理有限公司.天津首钢钢铁贸易有限公司.冷轧部,20040050,20040050
16563181,首钢集团.钢铁板块管理平台（股份公司）.北京首钢股份有限公司.北京首钢钢贸投资管理有限公司.天津首钢钢铁贸易有限公司.运营管理部,20040060,20040060
16563159,首钢集团.钢铁板块管理平台（股份公司）.北京首钢股份有限公司.北京首钢钢贸投资管理有限公司.天津首钢钢铁贸易有限公司.财务部,20040070,20040070
16563056,首钢集团.钢铁板块管理平台（股份公司）.北京首钢股份有限公司.北京首钢钢贸投资管理有限公司.天津首钢钢铁贸易有限公司.办公室,20040080,20040080
16561610,首钢集团.钢铁板块管理平台（股份公司）.北京首钢股份有限公司.北京首钢钢贸投资管理有限公司.武汉首钢钢铁贸易有限公司.总经理办公室,20041001,20041001
16561612,首钢集团.钢铁板块管理平台（股份公司）.北京首钢股份有限公司.北京首钢钢贸投资管理有限公司.武汉首钢钢铁贸易有限公司.办公室,20041002,20041002
16561620,首钢集团.钢铁板块管理平台（股份公司）.北京首钢股份有限公司.北京首钢钢贸投资管理有限公司.武汉首钢钢铁贸易有限公司.财务部,20041003,20041003
16561688,首钢集团.钢铁板块管理平台（股份公司）.北京首钢股份有限公司.北京首钢钢贸投资管理有限公司.武汉首钢钢铁贸易有限公司.汽车板部,20041004,20041004
16561628,首钢集团.钢铁板块管理平台（股份公司）.北京首钢股份有限公司.北京首钢钢贸投资管理有限公司.武汉首钢钢铁贸易有限公司.综合产品部,20041005,20041005
16561635,首钢集团.钢铁板块管理平台（股份公司）.北京首钢股份有限公司.北京首钢钢贸投资管理有限公司.武汉首钢钢铁贸易有限公司.运营管理部,20041006,20041006
16561695,首钢集团.钢铁板块管理平台（股份公司）.北京首钢股份有限公司.北京首钢钢贸投资管理有限公司.武汉首钢钢铁贸易有限公司.重庆办事处,20041007,20041007
16561646,首钢集团.钢铁板块管理平台（股份公司）.北京首钢股份有限公司.北京首钢钢贸投资管理有限公司.武汉首钢钢铁贸易有限公司.长沙办事处,20041008,20041008
16561975,首钢集团.钢铁板块管理平台（股份公司）.北京首钢股份有限公司.北京首钢钢贸投资管理有限公司.重庆首钢武中汽车部件有限公司.总经办,20043001,20043001
16562059,首钢集团.钢铁板块管理平台（股份公司）.北京首钢股份有限公司.北京首钢钢贸投资管理有限公司.重庆首钢武中汽车部件有限公司.市场营销部,20043002,20043002
16562751,首钢集团.钢铁板块管理平台（股份公司）.北京首钢股份有限公司.北京首钢钢贸投资管理有限公司.重庆首钢武中汽车部件有限公司.品质管理部,20043003,20043003
16562066,首钢集团.钢铁板块管理平台（股份公司）.北京首钢股份有限公司.北京首钢钢贸投资管理有限公司.重庆首钢武中汽车部件有限公司.生产技术部,20043004,20043004
16562076,首钢集团.钢铁板块管理平台（股份公司）.北京首钢股份有限公司.北京首钢钢贸投资管理有限公司.重庆首钢武中汽车部件有限公司.办公室,20043005,20043005
16562063,首钢集团.钢铁板块管理平台（股份公司）.北京首钢股份有限公司.北京首钢钢贸投资管理有限公司.重庆首钢武中汽车部件有限公司.财务部,20043006,20043006
16563173,首钢集团.钢铁板块管理平台（股份公司）.北京首钢股份有限公司.北京首钢钢贸投资管理有限公司.沈阳首钢钢材加工配送有限公司.公司领导,20044001,20044001
16563269,首钢集团.钢铁板块管理平台（股份公司）.北京首钢股份有限公司.北京首钢钢贸投资管理有限公司.沈阳首钢钢材加工配送有限公司.办公室,20044002,20044002
16563235,首钢集团.钢铁板块管理平台（股份公司）.北京首钢股份有限公司.北京首钢钢贸投资管理有限公司.沈阳首钢钢材加工配送有限公司.生产技术部,20044003,20044003
16563231,首钢集团.钢铁板块管理平台（股份公司）.北京首钢股份有限公司.北京首钢钢贸投资管理有限公司.沈阳首钢钢材加工配送有限公司.财务部,20044004,20044004
16562779,首钢集团.钢铁板块管理平台（股份公司）.北京首钢股份有限公司.北京首钢钢贸投资管理有限公司.株洲首鹏汇隆钢材加工配送有限公司.公司领导,20046001,20046001
16561363,首钢集团.钢铁板块管理平台（股份公司）.北京首钢股份有限公司.北京首钢钢贸投资管理有限公司.株洲首鹏汇隆钢材加工配送有限公司.财务部,20046002,20046002
16562854,首钢集团.钢铁板块管理平台（股份公司）.北京首钢股份有限公司.北京首钢钢贸投资管理有限公司.株洲首鹏汇隆钢材加工配送有限公司.市场营销部,20046003,20046003
16561377,首钢集团.钢铁板块管理平台（股份公司）.北京首钢股份有限公司.北京首钢钢贸投资管理有限公司.株洲首鹏汇隆钢材加工配送有限公司.生产技术部,20046004,20046004
16562861,首钢集团.钢铁板块管理平台（股份公司）.北京首钢股份有限公司.北京首钢钢贸投资管理有限公司.株洲首鹏汇隆钢材加工配送有限公司.办公室,20046005,20046005
16564142,首钢集团.钢铁板块管理平台（股份公司）.北京首钢股份有限公司.北京首钢钢贸投资管理有限公司.宁波首钢汽车部件有限公司.公司领导,20047001,20047001
16564204,首钢集团.钢铁板块管理平台（股份公司）.北京首钢股份有限公司.北京首钢钢贸投资管理有限公司.宁波首钢汽车部件有限公司.办公室,20047002,20047002
16564146,首钢集团.钢铁板块管理平台（股份公司）.北京首钢股份有限公司.北京首钢钢贸投资管理有限公司.宁波首钢汽车部件有限公司.生产技术部,20047003,20047003
16564150,首钢集团.钢铁板块管理平台（股份公司）.北京首钢股份有限公司.北京首钢钢贸投资管理有限公司.宁波首钢汽车部件有限公司.市场营销部,20047004,20047004
16564144,首钢集团.钢铁板块管理平台（股份公司）.北京首钢股份有限公司.北京首钢钢贸投资管理有限公司.宁波首钢汽车部件有限公司.品质管理部,20047005,20047005
57526595,首钢集团.钢铁板块管理平台（股份公司）.北京首钢股份有限公司.营销中心.北京首钢金属有限责任公司.综合部,20048001,20048001
103626404,首钢集团.钢铁板块管理平台（股份公司）.北京首钢股份有限公司.资源开发事业部.电子商务中心.采购部.燃料合金组,20443033,20443033
57566296,首钢集团.钢铁板块管理平台（股份公司）.北京首钢股份有限公司.能源部.发电作业区.化学水班,20489932,20489932
86408065,首钢集团.钢铁板块管理平台（股份公司）.北京首钢股份有限公司.能源部.发电作业区.化学水班,20489932,20489932
57566299,首钢集团.钢铁板块管理平台（股份公司）.北京首钢股份有限公司.能源部.发电作业区.化学水班,20489932,20489932
23184457,首钢集团.钢铁板块管理平台（股份公司）.北京首钢股份有限公司.北京首钢钢贸投资管理有限公司.首钢鹏龙钢材有限公司.品质管理部,20489952,20489952
57536723,首钢集团.钢铁板块管理平台（股份公司）.北京首钢股份有限公司.热轧作业部.设备管理室.能源点检班,20490085,20490085
42935297,首钢集团.钢铁板块管理平台（股份公司）.北京首钢股份有限公司.北京首钢钢贸投资管理有限公司.测试,20490536,20490536
421108095,首钢集团.钢铁板块管理平台（股份公司）.北京首钢股份有限公司.资源开发事业部.电子商务中心.储运项目组.热轧发运甲班,20491057,20491057
421108020,首钢集团.钢铁板块管理平台（股份公司）.北京首钢股份有限公司.资源开发事业部.电子商务中心.储运项目组.热轧发运丙班,20491062,20491062
421106870,首钢集团.钢铁板块管理平台（股份公司）.北京首钢股份有限公司.资源开发事业部.电子商务中心.储运项目组.热轧发运丁班,20491063,20491063
421108051,首钢集团.钢铁板块管理平台（股份公司）.北京首钢股份有限公司.资源开发事业部.电子商务中心.储运项目组.板材精选班组,20491069,20491069
47653537,首钢集团.钢铁板块管理平台（股份公司）.北京首钢股份有限公司.北京首钢钢贸投资管理有限公司.佛山首钢汽车部件有限公司.公司领导,20491197,20491197
47393284,首钢集团.钢铁板块管理平台（股份公司）.北京首钢股份有限公司.迁安首钢冶金科技有限公司.办公室,20491240,20491240
47393283,首钢集团.钢铁板块管理平台（股份公司）.北京首钢股份有限公司.迁安首钢冶金科技有限公司.计财部,20491241,20491241
47393312,首钢集团.钢铁板块管理平台（股份公司）.北京首钢股份有限公司.迁安首钢冶金科技有限公司.工程安保部,20491242,20491242
47393291,首钢集团.钢铁板块管理平台（股份公司）.北京首钢股份有限公司.迁安首钢冶金科技有限公司.采购供应部,20491243,20491243
47393304,首钢集团.钢铁板块管理平台（股份公司）.北京首钢股份有限公司.迁安首钢冶金科技有限公司.供应部,20491244,20491244
47393310,首钢集团.钢铁板块管理平台（股份公司）.北京首钢股份有限公司.迁安首钢冶金科技有限公司.会议中心.营销部,20491245,20491245
47393293,首钢集团.钢铁板块管理平台（股份公司）.北京首钢股份有限公司.迁安首钢冶金科技有限公司.会议中心.接待服务部,20491246,20491246
47393297,首钢集团.钢铁板块管理平台（股份公司）.北京首钢股份有限公司.迁安首钢冶金科技有限公司.会议中心.餐饮部,20491247,20491247
47393441,首钢集团.钢铁板块管理平台（股份公司）.北京首钢股份有限公司.迁安首钢冶金科技有限公司.会议中心.接待服务部.前厅部,20491248,20491248
47393443,首钢集团.钢铁板块管理平台（股份公司）.北京首钢股份有限公司.迁安首钢冶金科技有限公司.会议中心.接待服务部.文体部,20491249,20491249
47393444,首钢集团.钢铁板块管理平台（股份公司）.北京首钢股份有限公司.迁安首钢冶金科技有限公司.会议中心.接待服务部.客房部,20491250,20491250
47393437,首钢集团.钢铁板块管理平台（股份公司）.北京首钢股份有限公司.迁安首钢冶金科技有限公司.会议中心.餐饮部.餐厅部,20491251,20491251
47393439,首钢集团.钢铁板块管理平台（股份公司）.北京首钢股份有限公司.迁安首钢冶金科技有限公司.会议中心.餐饮部.后厨部,20491252,20491252
47393314,首钢集团.钢铁板块管理平台（股份公司）.北京首钢股份有限公司.迁安首钢冶金科技有限公司.部门领导,20491340,20491340
47392862,首钢集团.钢铁板块管理平台（股份公司）.北京首钢股份有限公司.迁安首钢迁钢宾馆有限公司.迁安宾馆公司,20491371,20491371
47392856,首钢集团.钢铁板块管理平台（股份公司）.北京首钢股份有限公司.迁安首钢迁钢宾馆有限公司.计财部,20491391,20491391
49296446,首钢集团.钢铁板块管理平台（股份公司）.北京首钢股份有限公司.迁安首钢迁钢宾馆有限公司.迁安宾馆公司.人事行政部,20491526,20491526
49296459,首钢集团.钢铁板块管理平台（股份公司）.北京首钢股份有限公司.迁安首钢迁钢宾馆有限公司.迁安宾馆公司.人事行政部,20491526,20491526
49296503,首钢集团.钢铁板块管理平台（股份公司）.北京首钢股份有限公司.迁安首钢迁钢宾馆有限公司.迁安宾馆公司.财务部,20491531,20491531
49296507,首钢集团.钢铁板块管理平台（股份公司）.北京首钢股份有限公司.迁安首钢迁钢宾馆有限公司.迁安宾馆公司.财务部,20491531,20491531
49296475,首钢集团.钢铁板块管理平台（股份公司）.北京首钢股份有限公司.迁安首钢迁钢宾馆有限公司.迁安宾馆公司.前厅销售部,20491532,20491532
49296494,首钢集团.钢铁板块管理平台（股份公司）.北京首钢股份有限公司.迁安首钢迁钢宾馆有限公司.迁安宾馆公司.前厅销售部,20491532,20491532
49296519,首钢集团.钢铁板块管理平台（股份公司）.北京首钢股份有限公司.迁安首钢迁钢宾馆有限公司.迁安宾馆公司.客房部,20491533,20491533
49296496,首钢集团.钢铁板块管理平台（股份公司）.北京首钢股份有限公司.迁安首钢迁钢宾馆有限公司.迁安宾馆公司.客房部,20491533,20491533
49296555,首钢集团.钢铁板块管理平台（股份公司）.北京首钢股份有限公司.迁安首钢迁钢宾馆有限公司.迁安宾馆公司.工程部,20491534,20491534
49296567,首钢集团.钢铁板块管理平台（股份公司）.北京首钢股份有限公司.迁安首钢迁钢宾馆有限公司.迁安宾馆公司.工程部,20491534,20491534
49296574,首钢集团.钢铁板块管理平台（股份公司）.北京首钢股份有限公司.迁安首钢迁钢宾馆有限公司.迁安宾馆公司.保卫部,20491535,20491535
49296609,首钢集团.钢铁板块管理平台（股份公司）.北京首钢股份有限公司.迁安首钢迁钢宾馆有限公司.迁安宾馆公司.保卫部,20491535,20491535
49296604,首钢集团.钢铁板块管理平台（股份公司）.北京首钢股份有限公司.迁安首钢迁钢宾馆有限公司.迁安宾馆公司.物业部,20491536,20491536
49296626,首钢集团.钢铁板块管理平台（股份公司）.北京首钢股份有限公司.迁安首钢迁钢宾馆有限公司.迁安宾馆公司.物业部,20491536,20491536
49847924,首钢集团.钢铁板块管理平台（股份公司）.北京首钢股份有限公司.北京首钢钢贸投资管理有限公司.领导班子,20491633,20491633
51700835,首钢集团.钢铁板块管理平台（股份公司）.北京首钢股份有限公司.迁安首钢冶金科技有限公司.会议中心.接待服务部.会展部,20491659,20491659
52695026,首钢集团.钢铁板块管理平台（股份公司）.北京首钢股份有限公司.北京首钢新能源汽车材料科技有限公司.部领导,20491670,20491670
52869365,首钢集团.钢铁板块管理平台（股份公司）.北京首钢股份有限公司.北京首钢钢贸投资管理有限公司.株洲首鹏汇隆钢材加工配送有限公司.品质管理部,20491844,20491844
57530579,首钢集团.钢铁板块管理平台（股份公司）.北京首钢股份有限公司.设备部.运行管理室,20491855,20491855
57536126,首钢集团.钢铁板块管理平台（股份公司）.北京首钢股份有限公司.热轧作业部.设备管理室.外围班,20491861,20491861
57529932,首钢集团.钢铁板块管理平台（股份公司）.北京首钢股份有限公司.办公室(党委办公室).行政室.司机班,20491873,20491873
57529931,首钢集团.钢铁板块管理平台（股份公司）.北京首钢股份有限公司.办公室(党委办公室).行政室.司机班,20491873,20491873
57528843,首钢集团.钢铁板块管理平台（股份公司）.北京首钢股份有限公司.保卫武装部.保卫室.治安巡查班,20491874,20491874
171591100,首钢集团.钢铁板块管理平台（股份公司）.北京首钢股份有限公司.安全部.气体防护站.煤气检测丁班(撤销),20491880,20491880
57563268,首钢集团.钢铁板块管理平台（股份公司）.北京首钢股份有限公司.职工创业开发中心.汽运作业区.工程机械白班,20491892,20491892
57562958,首钢集团.钢铁板块管理平台（股份公司）.北京首钢股份有限公司.职工创业开发中心.汽运作业区.工程机械甲班,20491893,20491893
57563075,首钢集团.钢铁板块管理平台（股份公司）.北京首钢股份有限公司.职工创业开发中心.汽运作业区.工程机械乙班,20491894,20491894
57563285,首钢集团.钢铁板块管理平台（股份公司）.北京首钢股份有限公司.职工创业开发中心.汽运作业区.工程机械丙班,20491895,20491895
57562803,首钢集团.钢铁板块管理平台（股份公司）.北京首钢股份有限公司.职工创业开发中心.汽运作业区.工程机械丁班,20491896,20491896
57558478,首钢集团.钢铁板块管理平台（股份公司）.北京首钢股份有限公司.能源部.发电作业区,20492132,20492132
57558481,首钢集团.钢铁板块管理平台（股份公司）.北京首钢股份有限公司.能源部.供水作业区,20492138,20492138
57566159,首钢集团.钢铁板块管理平台（股份公司）.北京首钢股份有限公司.能源部.发电作业区.发电点检,20492139,20492139
57566430,首钢集团.钢铁板块管理平台（股份公司）.北京首钢股份有限公司.能源部.供水作业区.供水点检班,20492140,20492140
56284446,首钢集团.钢铁板块管理平台（股份公司）.北京首钢股份有限公司.首钢智新电磁材料(迁安)股份有限公司.精整作业区.设备点检班,20492141,20492141
57673278,首钢集团.钢铁板块管理平台（股份公司）.北京首钢股份有限公司.首钢智新电磁材料(迁安)股份有限公司.产品研发部.中试班组,20492142,20492142
57546624,首钢集团.钢铁板块管理平台（股份公司）.北京首钢股份有限公司.北京首钢钢贸投资管理有限公司.外派高管,20492203,20492203
57873091,首钢集团.钢铁板块管理平台（股份公司）.北京首钢股份有限公司.资源开发事业部.部领导,20492212,20492212
71655554,首钢集团.钢铁板块管理平台（股份公司）.北京首钢股份有限公司.资源开发事业部.电子商务中心.采购部.招标组,20492285,20492285
58547207,首钢集团.钢铁板块管理平台（股份公司）.北京首钢股份有限公司.职工创业开发中心.创业开发室.劳务派遣.迁安会议中心,20492296,20492296
58547183,首钢集团.钢铁板块管理平台（股份公司）.北京首钢股份有限公司.职工创业开发中心.创业开发室.劳务派遣.党群劳务派遣,20492297,20492297
58547201,首钢集团.钢铁板块管理平台（股份公司）.北京首钢股份有限公司.职工创业开发中心.创业开发室.劳务派遣.环保部劳务派遣,20492299,20492299
67146621,首钢集团.钢铁板块管理平台（股份公司）.北京首钢股份有限公司.纪委.综合审理室,20492735,20492735
67147473,首钢集团.钢铁板块管理平台（股份公司）.北京首钢股份有限公司.纪委.监督审查室,20492736,20492736
68454667,首钢集团.钢铁板块管理平台（股份公司）.北京首钢股份有限公司.计财部.新能源财务派驻站,20492778,20492778
68490691,首钢集团.钢铁板块管理平台（股份公司）.北京首钢股份有限公司.职工创业开发中心.物流项目部,20492781,20492781
68490674,首钢集团.钢铁板块管理平台（股份公司）.北京首钢股份有限公司.职工创业开发中心.物流项目部.物流甲班,20492782,20492782
68490919,首钢集团.钢铁板块管理平台（股份公司）.北京首钢股份有限公司.职工创业开发中心.物流项目部.物流乙班,20492783,20492783
68490798,首钢集团.钢铁板块管理平台（股份公司）.北京首钢股份有限公司.职工创业开发中心.物流项目部.物流丙班,20492784,20492784
68490835,首钢集团.钢铁板块管理平台（股份公司）.北京首钢股份有限公司.职工创业开发中心.物流项目部.物流丁班,20492785,20492785
68491214,首钢集团.钢铁板块管理平台（股份公司）.北京首钢股份有限公司.职工创业开发中心.物流项目部.职能组,20492786,20492786
68491096,首钢集团.钢铁板块管理平台（股份公司）.北京首钢股份有限公司.职工创业开发中心.物流项目部.物流白班,20492787,20492787
68695641,首钢集团.钢铁板块管理平台（股份公司）.北京首钢股份有限公司.人力资源部(党委组织部).人才开发室,20492789,20492789
73426003,首钢集团.钢铁板块管理平台（股份公司）.北京首钢股份有限公司.职工创业开发中心.物流项目部.点检班,20492973,20492973
73426318,首钢集团.钢铁板块管理平台（股份公司）.北京首钢股份有限公司.职工创业开发中心.物流项目部.金属结构加工班,20492974,20492974
79703342,首钢集团.钢铁板块管理平台（股份公司）.北京首钢股份有限公司.迁安首钢迁钢宾馆有限公司.迁安宾馆公司.餐饮部,20493140,20493140
80017371,首钢集团.钢铁板块管理平台（股份公司）.北京首钢股份有限公司.热轧作业部.一热轧轧钢作业区.生产准备班,20493145,20493145
80021927,首钢集团.钢铁板块管理平台（股份公司）.北京首钢股份有限公司.热轧作业部.二热轧轧钢作业区.生产准备班,20493146,20493146
80044210,首钢集团.钢铁板块管理平台（股份公司）.北京首钢股份有限公司.热轧作业部.酸洗板材作业区.点检班,20493147,20493147
80044371,首钢集团.钢铁板块管理平台（股份公司）.北京首钢股份有限公司.热轧作业部.酸洗板材作业区.维护班,20493156,20493156
80044244,首钢集团.钢铁板块管理平台（股份公司）.北京首钢股份有限公司.热轧作业部.酸洗板材作业区.酸再生班,20493157,20493157
85671011,首钢集团.钢铁板块管理平台（股份公司）.北京首钢股份有限公司.职工创业开发中心.创业开发室.供应服务项目组.安全环保部,20493256,20493256
85671017,首钢集团.钢铁板块管理平台（股份公司）.北京首钢股份有限公司.职工创业开发中心.创业开发室.供应服务项目组.除尘布袋项目组,20493257,20493257
85671015,首钢集团.钢铁板块管理平台（股份公司）.北京首钢股份有限公司.职工创业开发中心.创业开发室.供应服务项目组.废钢供应作业区,20493258,20493258
85671007,首钢集团.钢铁板块管理平台（股份公司）.北京首钢股份有限公司.职工创业开发中心.创业开发室.供应服务项目组.经营财务部,20493259,20493259
85670952,首钢集团.钢铁板块管理平台（股份公司）.北京首钢股份有限公司.职工创业开发中心.创业开发室.供应服务项目组.物资作业区,20493260,20493260
85671009,首钢集团.钢铁板块管理平台（股份公司）.北京首钢股份有限公司.职工创业开发中心.创业开发室.供应服务项目组.原材料作业区,20493261,20493261
85671005,首钢集团.钢铁板块管理平台（股份公司）.北京首钢股份有限公司.职工创业开发中心.创业开发室.供应服务项目组.运营管理部,20493262,20493262
85671013,首钢集团.钢铁板块管理平台（股份公司）.北京首钢股份有限公司.职工创业开发中心.创业开发室.供应服务项目组.资源循环作业区,20493263,20493263
85671051,首钢集团.钢铁板块管理平台（股份公司）.北京首钢股份有限公司.职工创业开发中心.创业开发室.供应服务项目组.安全环保部.护卫甲班,20493264,20493264
85671063,首钢集团.钢铁板块管理平台（股份公司）.北京首钢股份有限公司.职工创业开发中心.创业开发室.供应服务项目组.安全环保部.护卫乙班,20493266,20493266
85671113,首钢集团.钢铁板块管理平台（股份公司）.北京首钢股份有限公司.职工创业开发中心.创业开发室.供应服务项目组.安全环保部.护卫丙班,20493267,20493267
85671031,首钢集团.钢铁板块管理平台（股份公司）.北京首钢股份有限公司.职工创业开发中心.创业开发室.供应服务项目组.安全环保部.护卫丁班,20493268,20493268
85671070,首钢集团.钢铁板块管理平台（股份公司）.北京首钢股份有限公司.职工创业开发中心.创业开发室.供应服务项目组.安全环保部.护卫白班,20493269,20493269
85671055,首钢集团.钢铁板块管理平台（股份公司）.北京首钢股份有限公司.职工创业开发中心.创业开发室.供应服务项目组.除尘布袋项目组.布袋加工班,20493270,20493270
85671102,首钢集团.钢铁板块管理平台（股份公司）.北京首钢股份有限公司.职工创业开发中心.创业开发室.供应服务项目组.废钢供应作业区.点检班,20493271,20493271
85671061,首钢集团.钢铁板块管理平台（股份公司）.北京首钢股份有限公司.职工创业开发中心.创业开发室.供应服务项目组.废钢供应作业区.质检班,20493272,20493272
85671059,首钢集团.钢铁板块管理平台（股份公司）.北京首钢股份有限公司.职工创业开发中心.创业开发室.供应服务项目组.废钢供应作业区.料场甲班,20493273,20493273
85671035,首钢集团.钢铁板块管理平台（股份公司）.北京首钢股份有限公司.职工创业开发中心.创业开发室.供应服务项目组.废钢供应作业区.料场乙班,20493274,20493274
85671108,首钢集团.钢铁板块管理平台（股份公司）.北京首钢股份有限公司.职工创业开发中心.创业开发室.供应服务项目组.废钢供应作业区.料场丙班,20493275,20493275
85671115,首钢集团.钢铁板块管理平台（股份公司）.北京首钢股份有限公司.职工创业开发中心.创业开发室.供应服务项目组.废钢供应作业区.料场丁班,20493276,20493276
85671104,首钢集团.钢铁板块管理平台（股份公司）.北京首钢股份有限公司.职工创业开发中心.创业开发室.供应服务项目组.废钢供应作业区.倾翻加工班,20493277,20493277
85671076,首钢集团.钢铁板块管理平台（股份公司）.北京首钢股份有限公司.职工创业开发中心.创业开发室.供应服务项目组.废钢供应作业区.变配电班,20493278,20493278
85671053,首钢集团.钢铁板块管理平台（股份公司）.北京首钢股份有限公司.职工创业开发中心.创业开发室.供应服务项目组.物资作业区.粗破班,20493279,20493279
85671117,首钢集团.钢铁板块管理平台（股份公司）.北京首钢股份有限公司.职工创业开发中心.创业开发室.供应服务项目组.物资作业区.南料场班,20493280,20493280
85671074,首钢集团.钢铁板块管理平台（股份公司）.北京首钢股份有限公司.职工创业开发中心.创业开发室.供应服务项目组.物资作业区.煤场班,20493281,20493281
85671039,首钢集团.钢铁板块管理平台（股份公司）.北京首钢股份有限公司.职工创业开发中心.创业开发室.供应服务项目组.物资作业区.中控室班,20493282,20493282
85671068,首钢集团.钢铁板块管理平台（股份公司）.北京首钢股份有限公司.职工创业开发中心.创业开发室.供应服务项目组.原材料作业区.料场班,20493283,20493283
85671119,首钢集团.钢铁板块管理平台（股份公司）.北京首钢股份有限公司.职工创业开发中心.创业开发室.供应服务项目组.原材料作业区.合金库班,20493284,20493284
85671049,首钢集团.钢铁板块管理平台（股份公司）.北京首钢股份有限公司.职工创业开发中心.创业开发室.供应服务项目组.原材料作业区.原材料作业区(操作),20493285,20493285
85671100,首钢集团.钢铁板块管理平台（股份公司）.北京首钢股份有限公司.职工创业开发中心.创业开发室.供应服务项目组.原材料作业区.固废发运班,20493286,20493286
85671033,首钢集团.钢铁板块管理平台（股份公司）.北京首钢股份有限公司.职工创业开发中心.创业开发室.供应服务项目组.原材料作业区.水渣发运班,20493287,20493287
85671072,首钢集团.钢铁板块管理平台（股份公司）.北京首钢股份有限公司.职工创业开发中心.创业开发室.供应服务项目组.运营管理部.生产调度班,20493288,20493288
85671066,首钢集团.钢铁板块管理平台（股份公司）.北京首钢股份有限公司.职工创业开发中心.创业开发室.供应服务项目组.资源循环作业区.钢渣深加工班,20493289,20493289
85671037,首钢集团.钢铁板块管理平台（股份公司）.北京首钢股份有限公司.职工创业开发中心.创业开发室.供应服务项目组.资源循环作业区.钢渣后勤班,20493290,20493290
85671046,首钢集团.钢铁板块管理平台（股份公司）.北京首钢股份有限公司.职工创业开发中心.创业开发室.供应服务项目组.资源循环作业区.产品发运班,20493291,20493291
85671106,首钢集团.钢铁板块管理平台（股份公司）.北京首钢股份有限公司.职工创业开发中心.创业开发室.供应服务项目组.资源循环作业区.钢渣生产甲班,20493292,20493292
85671111,首钢集团.钢铁板块管理平台（股份公司）.北京首钢股份有限公司.职工创业开发中心.创业开发室.供应服务项目组.资源循环作业区.钢渣生产乙班,20493293,20493293
85671057,首钢集团.钢铁板块管理平台（股份公司）.北京首钢股份有限公司.职工创业开发中心.创业开发室.供应服务项目组.资源循环作业区.钢渣生产丙班,20493294,20493294
85671088,首钢集团.钢铁板块管理平台（股份公司）.北京首钢股份有限公司.职工创业开发中心.创业开发室.供应服务项目组.资源循环作业区.钢渣生产丁班,20493295,20493295
85671078,首钢集团.钢铁板块管理平台（股份公司）.北京首钢股份有限公司.职工创业开发中心.创业开发室.供应服务项目组.资源循环作业区.白班,20493296,20493296
85671081,首钢集团.钢铁板块管理平台（股份公司）.北京首钢股份有限公司.职工创业开发中心.创业开发室.供应服务项目组.原材料作业区.白班,20493297,20493297
86246192,首钢集团.钢铁板块管理平台（股份公司）.北京首钢股份有限公司.环境保护部.环保技术市场开发室,20493307,20493307
86613185,首钢集团.钢铁板块管理平台（股份公司）.北京首钢股份有限公司.职工创业开发中心.创业开发室.供应服务项目组.综合管理部,20493340,20493340
87129158,首钢集团.钢铁板块管理平台（股份公司）.北京首钢股份有限公司.职工创业开发中心.创业开发室.供应服务项目组.脱硫渣处理项目部,20493364,20493364
87129426,首钢集团.钢铁板块管理平台（股份公司）.北京首钢股份有限公司.职工创业开发中心.创业开发室.供应服务项目组.脱硫渣处理项目部.脱硫渣加工甲班,20493365,20493365
87129441,首钢集团.钢铁板块管理平台（股份公司）.北京首钢股份有限公司.职工创业开发中心.创业开发室.供应服务项目组.脱硫渣处理项目部.脱硫渣加工乙班,20493366,20493366
87129510,首钢集团.钢铁板块管理平台（股份公司）.北京首钢股份有限公司.职工创业开发中心.创业开发室.供应服务项目组.脱硫渣处理项目部.脱硫渣加工丙班,20493367,20493367
87129490,首钢集团.钢铁板块管理平台（股份公司）.北京首钢股份有限公司.职工创业开发中心.创业开发室.供应服务项目组.脱硫渣处理项目部.脱硫渣加工丁班,20493368,20493368
87129238,首钢集团.钢铁板块管理平台（股份公司）.北京首钢股份有限公司.职工创业开发中心.创业开发室.供应服务项目组.脱硫渣处理项目部.钢渣加工甲班,20493369,20493369
87129502,首钢集团.钢铁板块管理平台（股份公司）.北京首钢股份有限公司.职工创业开发中心.创业开发室.供应服务项目组.脱硫渣处理项目部.钢渣加工乙班,20493370,20493370
87129506,首钢集团.钢铁板块管理平台（股份公司）.北京首钢股份有限公司.职工创业开发中心.创业开发室.供应服务项目组.脱硫渣处理项目部.钢渣加工丙班,20493371,20493371
87129508,首钢集团.钢铁板块管理平台（股份公司）.北京首钢股份有限公司.职工创业开发中心.创业开发室.供应服务项目组.脱硫渣处理项目部.钢渣加工丁班,20493372,20493372
88877948,首钢集团.钢铁板块管理平台（股份公司）.北京首钢股份有限公司.职工创业开发中心.创业开发室.供应服务项目组.除尘作业区,20493431,20493431
88878025,首钢集团.钢铁板块管理平台（股份公司）.北京首钢股份有限公司.职工创业开发中心.创业开发室.供应服务项目组.除尘作业区.除尘布袋加工班,20493432,20493432
88877995,首钢集团.钢铁板块管理平台（股份公司）.北京首钢股份有限公司.职工创业开发中心.创业开发室.供应服务项目组.除尘作业区.除尘净化甲班,20493433,20493433
88878076,首钢集团.钢铁板块管理平台（股份公司）.北京首钢股份有限公司.职工创业开发中心.创业开发室.供应服务项目组.除尘作业区.除尘净化乙班,20493434,20493434
88878084,首钢集团.钢铁板块管理平台（股份公司）.北京首钢股份有限公司.职工创业开发中心.创业开发室.供应服务项目组.除尘作业区.除尘净化丙班,20493435,20493435
88878002,首钢集团.钢铁板块管理平台（股份公司）.北京首钢股份有限公司.职工创业开发中心.创业开发室.供应服务项目组.除尘作业区.除尘净化丁班,20493436,20493436
88883962,首钢集团.钢铁板块管理平台（股份公司）.北京首钢股份有限公司.职工创业开发中心.创业开发室.供应服务项目组.除尘作业区.布袋加工项目组,20493439,20493439
88883746,首钢集团.钢铁板块管理平台（股份公司）.北京首钢股份有限公司.职工创业开发中心.创业开发室.供应服务项目组.设备管理部,20493440,20493440
88912944,首钢集团.钢铁板块管理平台（股份公司）.北京首钢股份有限公司.职工创业开发中心.创业开发室.供应服务项目组.设备管理部.点检班,20493441,20493441
90711012,首钢集团.钢铁板块管理平台（股份公司）.北京首钢股份有限公司.北京首钢钢贸投资管理有限公司.一般管理,20493541,20493541
92439788,首钢集团.钢铁板块管理平台（股份公司）.北京首钢股份有限公司.资源开发事业部.电子商务中心.储运项目组.资源发运白班,20493677,20493677
92442453,首钢集团.钢铁板块管理平台（股份公司）.北京首钢股份有限公司.资源开发事业部.电子商务中心.储运项目组.资源发运甲班,20493678,20493678
92433914,首钢集团.钢铁板块管理平台（股份公司）.北京首钢股份有限公司.资源开发事业部.电子商务中心.储运项目组.资源发运乙班,20493679,20493679
92440635,首钢集团.钢铁板块管理平台（股份公司）.北京首钢股份有限公司.资源开发事业部.电子商务中心.储运项目组.资源发运丙班,20493680,20493680
92445112,首钢集团.钢铁板块管理平台（股份公司）.北京首钢股份有限公司.资源开发事业部.电子商务中心.储运项目组.资源发运丁班,20493681,20493681
109608570,首钢集团.钢铁板块管理平台（股份公司）.北京首钢股份有限公司.迁安首钢冶金科技有限公司.技术商务中心,20494965,20494965
166888909,首钢集团.钢铁板块管理平台（股份公司）.北京首钢股份有限公司.资源开发事业部.电子商务中心.技术部,20494979,20494979
166890406,首钢集团.钢铁板块管理平台（股份公司）.北京首钢股份有限公司.资源开发事业部.电子商务中心.销售部,20494980,20494980
115086058,首钢集团.钢铁板块管理平台（股份公司）.北京首钢股份有限公司.职工创业开发中心.创业开发室.绿化服务组.绿色种植二班,20494981,20494981
123386956,首钢集团.钢铁板块管理平台（股份公司）.北京首钢股份有限公司.职工创业开发中心.创业开发室.职能组,20494988,20494988
123386140,首钢集团.钢铁板块管理平台（股份公司）.北京首钢股份有限公司.职工创业开发中心.汽运作业区.职能组,20494989,20494989
129186284,首钢集团.钢铁板块管理平台（股份公司）.北京首钢股份有限公司.炼铁作业部.烧结作业区.三烧结甲班,20495070,20495070
129186203,首钢集团.钢铁板块管理平台（股份公司）.北京首钢股份有限公司.炼铁作业部.烧结作业区.三烧结乙班,20495071,20495071
129185966,首钢集团.钢铁板块管理平台（股份公司）.北京首钢股份有限公司.炼铁作业部.烧结作业区.三烧结丙班,20495072,20495072
129185973,首钢集团.钢铁板块管理平台（股份公司）.北京首钢股份有限公司.炼铁作业部.烧结作业区.三烧结丁班,20495073,20495073
130419139,首钢集团.钢铁板块管理平台（股份公司）.北京首钢股份有限公司.北京首钢冷轧薄板有限公司.创业中心.酸轧入口服务班,20495130,20495130
130418403,首钢集团.钢铁板块管理平台（股份公司）.北京首钢股份有限公司.北京首钢冷轧薄板有限公司.创业中心.连退入口服务班,20495131,20495131
130418341,首钢集团.钢铁板块管理平台（股份公司）.北京首钢股份有限公司.北京首钢冷轧薄板有限公司.创业中心.备件材料服务班,20495132,20495132
130418464,首钢集团.钢铁板块管理平台（股份公司）.北京首钢股份有限公司.北京首钢冷轧薄板有限公司.创业中心.轧后库服务班,20495133,20495133
130419100,首钢集团.钢铁板块管理平台（股份公司）.北京首钢股份有限公司.北京首钢冷轧薄板有限公司.创业中心.锌锅辊装配服务班,20495134,20495134
130419044,首钢集团.钢铁板块管理平台（股份公司）.北京首钢股份有限公司.北京首钢冷轧薄板有限公司.创业中心.废钢服务班,20495135,20495135
153651212,首钢集团.钢铁板块管理平台（股份公司）.北京首钢股份有限公司.安全部.消防室,20495488,20495488
153859041,首钢集团.钢铁板块管理平台（股份公司）.北京首钢股份有限公司.保卫武装部.综合管理室,20495489,20495489
153859805,首钢集团.钢铁板块管理平台（股份公司）.北京首钢股份有限公司.保卫武装部.综合管理室.保卫监控班,20495491,20495491
154305185,首钢集团.钢铁板块管理平台（股份公司）.北京首钢股份有限公司.办公室(党委办公室).联络接待室,20495492,20495492
154305190,首钢集团.钢铁板块管理平台（股份公司）.北京首钢股份有限公司.办公室(党委办公室).联络接待室,20495492,20495492
154305206,首钢集团.钢铁板块管理平台（股份公司）.北京首钢股份有限公司.办公室(党委办公室).联络接待室,20495492,20495492
154305208,首钢集团.钢铁板块管理平台（股份公司）.北京首钢股份有限公司.办公室(党委办公室).联络接待室,20495492,20495492
184856499,首钢集团.钢铁板块管理平台（股份公司）.北京首钢股份有限公司.办公室(党委办公室).联络接待室,20495492,20495492
171298311,首钢集团.钢铁板块管理平台（股份公司）.北京首钢股份有限公司.北京首钢钢贸投资管理有限公司.天津首钢钢铁贸易有限公司.热轧部,20495964,20495964
173851745,首钢集团.钢铁板块管理平台（股份公司）.北京首钢股份有限公司.安全部.气体防护站.气体防护班,20496025,20496025
178204934,首钢集团.钢铁板块管理平台（股份公司）.北京首钢股份有限公司.迁安首钢冶金科技有限公司.会议中心.接待服务部.健身中心,20496111,20496111
409126590,首钢集团.钢铁板块管理平台（股份公司）.北京首钢股份有限公司.首钢智新电磁材料(迁安)股份有限公司.质量技术部.检验甲班,20496147,20496147
179492635,首钢集团.钢铁板块管理平台（股份公司）.北京首钢股份有限公司.首钢智新电磁材料(迁安)股份有限公司.质量技术部.检验甲班,20496147,20496147
179492528,首钢集团.钢铁板块管理平台（股份公司）.北京首钢股份有限公司.首钢智新电磁材料(迁安)股份有限公司.质量技术部.检验乙班,20496148,20496148
390019983,首钢集团.钢铁板块管理平台（股份公司）.北京首钢股份有限公司.首钢智新电磁材料(迁安)股份有限公司.质量技术部.检验乙班,20496148,20496148
179492835,首钢集团.钢铁板块管理平台（股份公司）.北京首钢股份有限公司.首钢智新电磁材料(迁安)股份有限公司.质量技术部.检验丙班,20496149,20496149
179492781,首钢集团.钢铁板块管理平台（股份公司）.北京首钢股份有限公司.首钢智新电磁材料(迁安)股份有限公司.质量技术部.检验丁班,20496150,20496150
179492604,首钢集团.钢铁板块管理平台（股份公司）.北京首钢股份有限公司.首钢智新电磁材料(迁安)股份有限公司.质量技术部.检验白班,20496151,20496151
191430584,首钢集团.钢铁板块管理平台（股份公司）.北京首钢股份有限公司.首钢智新电磁材料(迁安)股份有限公司.新能源作业区,20496332,20496332
202484670,首钢集团.钢铁板块管理平台（股份公司）.北京首钢股份有限公司.北京首钢冷轧薄板有限公司.设备部.酸轧维护班,20496448,20496448
202484826,首钢集团.钢铁板块管理平台（股份公司）.北京首钢股份有限公司.北京首钢冷轧薄板有限公司.设备部.处理线维护班,20496449,20496449
202484626,首钢集团.钢铁板块管理平台（股份公司）.北京首钢股份有限公司.北京首钢冷轧薄板有限公司.设备部.重卷维护班,20496450,20496450
202484622,首钢集团.钢铁板块管理平台（股份公司）.北京首钢股份有限公司.北京首钢冷轧薄板有限公司.设备部.电机维护班,20496451,20496451
202485415,首钢集团.钢铁板块管理平台（股份公司）.北京首钢股份有限公司.北京首钢冷轧薄板有限公司.设备部.炉修维护班,20496452,20496452
202484783,首钢集团.钢铁板块管理平台（股份公司）.北京首钢股份有限公司.北京首钢冷轧薄板有限公司.设备部.能介维护班,20496453,20496453
202485032,首钢集团.钢铁板块管理平台（股份公司）.北京首钢股份有限公司.北京首钢冷轧薄板有限公司.设备部.液压修理班,20496454,20496454
202484855,首钢集团.钢铁板块管理平台（股份公司）.北京首钢股份有限公司.北京首钢冷轧薄板有限公司.设备部.检修一班,20496455,20496455
202484912,首钢集团.钢铁板块管理平台（股份公司）.北京首钢股份有限公司.北京首钢冷轧薄板有限公司.设备部.检修二班,20496456,20496456
202484863,首钢集团.钢铁板块管理平台（股份公司）.北京首钢股份有限公司.北京首钢冷轧薄板有限公司.设备部.巡检维护班,20496457,20496457
304131492,首钢集团.钢铁板块管理平台（股份公司）.北京首钢股份有限公司.北京首钢钢贸投资管理有限公司.佛山首钢汽车部件有限公司.生产技术部.生产制造班组,20600156,20600156
285091688,首钢集团.钢铁板块管理平台（股份公司）.北京首钢股份有限公司.北京首钢钢贸投资管理有限公司.佛山首钢汽车部件有限公司.生产技术部.1650纵剪,20600167,20600167
203366768,首钢集团.钢铁板块管理平台（股份公司）.北京首钢股份有限公司.营销中心.北京首钢金属有限责任公司.北京首钢顺普金属有限公司.经理办,20600453,20600453
203366993,首钢集团.钢铁板块管理平台（股份公司）.北京首钢股份有限公司.营销中心.北京首钢金属有限责任公司.经理办,20600470,20600470
204477454,首钢集团.钢铁板块管理平台（股份公司）.北京首钢股份有限公司.迁安首钢冶金科技有限公司.会议中心,20600620,20600620
205641208,首钢集团.钢铁板块管理平台（股份公司）.北京首钢股份有限公司.职工创业开发中心.创业开发室.绿化服务组.绿色种植三班,20600820,20600820
205656919,首钢集团.钢铁板块管理平台（股份公司）.北京首钢股份有限公司.北京首钢冷轧薄板有限公司.安全保卫部.治安监控中控班,20600821,20600821
206525767,首钢集团.钢铁板块管理平台（股份公司）.北京首钢股份有限公司.营销中心.营销管理部综合办公室.司机班,20600937,20600937
206544229,首钢集团.钢铁板块管理平台（股份公司）.北京首钢股份有限公司.北京首钢钢贸投资管理有限公司.株洲首鹏汇隆钢材加工配送有限公司.生产技术部.复合线甲班,20600956,20600956
206542768,首钢集团.钢铁板块管理平台（股份公司）.北京首钢股份有限公司.北京首钢钢贸投资管理有限公司.株洲首鹏汇隆钢材加工配送有限公司.生产技术部.复合线乙班,20600957,20600957
206544310,首钢集团.钢铁板块管理平台（股份公司）.北京首钢股份有限公司.营销中心.营销管理部物流管理室.驻站班组,20600963,20600963
206541743,首钢集团.钢铁板块管理平台（股份公司）.北京首钢股份有限公司.北京首钢钢贸投资管理有限公司.株洲首鹏汇隆钢材加工配送有限公司.生产技术部.落料线乙班,20600964,20600964
206543777,首钢集团.钢铁板块管理平台（股份公司）.北京首钢股份有限公司.北京首钢钢贸投资管理有限公司.株洲首鹏汇隆钢材加工配送有限公司.生产技术部.落料线甲班,20600965,20600965
209204637,首钢集团.钢铁板块管理平台（股份公司）.北京首钢股份有限公司.首钢智新电磁材料(迁安)股份有限公司.新能源作业区.设备点检班,20601456,20601456
209204746,首钢集团.钢铁板块管理平台（股份公司）.北京首钢股份有限公司.首钢智新电磁材料(迁安)股份有限公司.新能源作业区.连退甲班,20601474,20601474
209204696,首钢集团.钢铁板块管理平台（股份公司）.北京首钢股份有限公司.首钢智新电磁材料(迁安)股份有限公司.新能源作业区.连轧甲班,20601475,20601475
209222722,首钢集团.钢铁板块管理平台（股份公司）.北京首钢股份有限公司.首钢智新电磁材料(迁安)股份有限公司.新能源作业区.连退丁班,20601483,20601483
209222854,首钢集团.钢铁板块管理平台（股份公司）.北京首钢股份有限公司.首钢智新电磁材料(迁安)股份有限公司.新能源作业区.连退丙班,20601484,20601484
209222810,首钢集团.钢铁板块管理平台（股份公司）.北京首钢股份有限公司.首钢智新电磁材料(迁安)股份有限公司.新能源作业区.连轧丙班,20601485,20601485
209212095,首钢集团.钢铁板块管理平台（股份公司）.北京首钢股份有限公司.首钢智新电磁材料(迁安)股份有限公司.新能源作业区.连轧乙班,20601486,20601486
209212187,首钢集团.钢铁板块管理平台（股份公司）.北京首钢股份有限公司.首钢智新电磁材料(迁安)股份有限公司.新能源作业区.连轧丁班,20601500,20601500
209212207,首钢集团.钢铁板块管理平台（股份公司）.北京首钢股份有限公司.首钢智新电磁材料(迁安)股份有限公司.新能源作业区.连退乙班,20601501,20601501
224037972,首钢集团.钢铁板块管理平台（股份公司）.北京首钢股份有限公司.采购中心.供应链管理室,20604252,20604252
224038762,首钢集团.钢铁板块管理平台（股份公司）.北京首钢股份有限公司.采购中心.工程资材室,20604253,20604253
224038741,首钢集团.钢铁板块管理平台（股份公司）.北京首钢股份有限公司.采购中心.综合管理室,20604254,20604254
224037986,首钢集团.钢铁板块管理平台（股份公司）.北京首钢股份有限公司.采购中心.对外贸易室,20604263,20604263
224038728,首钢集团.钢铁板块管理平台（股份公司）.北京首钢股份有限公司.采购中心.合规管理室,20604264,20604264
224037980,首钢集团.钢铁板块管理平台（股份公司）.北京首钢股份有限公司.采购中心.经营财务室,20604265,20604265
225348479,首钢集团.钢铁板块管理平台（股份公司）.北京首钢股份有限公司.北京首钢钢贸投资管理有限公司.佛山首钢汽车部件有限公司.生产技术部.激光拼焊班组,20604620,20604620
228888166,首钢集团.钢铁板块管理平台（股份公司）.北京首钢股份有限公司.职工创业开发中心.创业开发室.劳务派遣.倒班宿舍保卫班,20605516,20605516
230779326,首钢集团.钢铁板块管理平台（股份公司）.北京首钢股份有限公司.采购中心.综合管理室.不在岗其他,20605969,20605969
232954415,首钢集团.钢铁板块管理平台（股份公司）.北京首钢股份有限公司.制造部(技术中心).低碳管理室,20606373,20606373
236045229,首钢集团.钢铁板块管理平台（股份公司）.北京首钢股份有限公司.质量检验部.质检服务项目组,20607110,20607110
236048127,首钢集团.钢铁板块管理平台（股份公司）.北京首钢股份有限公司.炼钢作业部.炼钢服务项目组,20607111,20607111
236048125,首钢集团.钢铁板块管理平台（股份公司）.北京首钢股份有限公司.热轧作业部.热轧服务项目组,20607112,20607112
236048121,首钢集团.钢铁板块管理平台（股份公司）.北京首钢股份有限公司.炼铁作业部.炼铁服务项目组.绿化清扫班,20607113,20607113
236047680,首钢集团.钢铁板块管理平台（股份公司）.北京首钢股份有限公司.炼铁作业部.炼铁服务项目组,20607121,20607121
243861752,首钢集团.钢铁板块管理平台（股份公司）.北京首钢股份有限公司.能源部.水处理作业区.3号除盐站班,20609028,20609028
243861776,首钢集团.钢铁板块管理平台（股份公司）.北京首钢股份有限公司.能源部.水处理作业区.1号除盐站班,20609029,20609029
243861662,首钢集团.钢铁板块管理平台（股份公司）.北京首钢股份有限公司.能源部.水处理作业区.多媒体心理咨询室,20609030,20609030
243861734,首钢集团.钢铁板块管理平台（股份公司）.北京首钢股份有限公司.能源部.设备管理室.油品净化班,20609034,20609034
243866065,首钢集团.钢铁板块管理平台（股份公司）.北京首钢股份有限公司.能源部.供水作业区.天车班,20609039,20609039
243861741,首钢集团.钢铁板块管理平台（股份公司）.北京首钢股份有限公司.能源部.水处理作业区.2号水处理站班,20609044,20609044
243861774,首钢集团.钢铁板块管理平台（股份公司）.北京首钢股份有限公司.能源部.水处理作业区.标识班,20609045,20609045
243861749,首钢集团.钢铁板块管理平台（股份公司）.北京首钢股份有限公司.能源部.水处理作业区.1号污水班,20609046,20609046
243862071,首钢集团.钢铁板块管理平台（股份公司）.北京首钢股份有限公司.能源部.设备管理室.库房班,20609051,20609051
243862167,首钢集团.钢铁板块管理平台（股份公司）.北京首钢股份有限公司.能源部.供电作业区.点检班,20609053,20609053
243994213,首钢集团.钢铁板块管理平台（股份公司）.北京首钢股份有限公司.首钢智新电磁材料(迁安)股份有限公司.董事会办公室,20609081,20609081
243993948,首钢集团.钢铁板块管理平台（股份公司）.北京首钢股份有限公司.首钢智新电磁材料(迁安)股份有限公司.审计部,20609082,20609082
249262484,首钢集团.钢铁板块管理平台（股份公司）.北京首钢股份有限公司.迁安首钢冶金科技有限公司.会议中心.餐饮部.蛋糕房,20610294,20610294
250047070,首钢集团.钢铁板块管理平台（股份公司）.北京首钢股份有限公司.炼铁作业部.白灰综合服务中心,20610484,20610484
260380822,首钢集团.钢铁板块管理平台（股份公司）.北京首钢股份有限公司.北京首钢新能源材料科技有限公司,20613772,20613772
275078850,首钢集团.钢铁板块管理平台（股份公司）.北京首钢股份有限公司.首钢智新电磁材料(迁安)股份有限公司.首钢智新电磁材料研发（北京）有限公司,20624433,20624433
276175934,首钢集团.钢铁板块管理平台（股份公司）.北京首钢股份有限公司.首钢智新电磁材料(迁安)股份有限公司.首钢智新电磁材料研发（北京）有限公司.运营管理部,20624807,20624807
276186281,首钢集团.钢铁板块管理平台（股份公司）.北京首钢股份有限公司.首钢智新电磁材料(迁安)股份有限公司.首钢智新电磁材料研发（北京）有限公司.技术服务部,20624808,20624808
276185257,首钢集团.钢铁板块管理平台（股份公司）.北京首钢股份有限公司.首钢智新电磁材料(迁安)股份有限公司.首钢智新电磁材料研发（北京）有限公司.产品研发部,20624809,20624809
276896476,首钢集团.钢铁板块管理平台（股份公司）.北京首钢股份有限公司.首钢智新电磁材料(迁安)股份有限公司.首钢智新电磁材料研发（北京）有限公司.公司领导,20625088,20625088
278606388,首钢集团.钢铁板块管理平台（股份公司）.北京首钢股份有限公司.首钢智新电磁材料(迁安)股份有限公司.智新电磁（香港）贸易有限公司,20625669,20625669
285091703,首钢集团.钢铁板块管理平台（股份公司）.北京首钢股份有限公司.北京首钢钢贸投资管理有限公司.佛山首钢汽车部件有限公司.生产技术部.800横剪,20629592,20629592
286512536,首钢集团.钢铁板块管理平台（股份公司）.北京首钢股份有限公司.制造部(技术中心).智能制造室,20630543,20630543
286524948,首钢集团.钢铁板块管理平台（股份公司）.北京首钢股份有限公司.董事会秘书室.法务合规室,20630550,20630550
286531991,首钢集团.钢铁板块管理平台（股份公司）.北京首钢股份有限公司.质量检验部.设备管理室,20630551,20630551
287794436,首钢集团.钢铁板块管理平台（股份公司）.北京首钢股份有限公司.质量检验部.设备管理室.高新维护班,20631282,20631282
287801873,首钢集团.钢铁板块管理平台（股份公司）.北京首钢股份有限公司.质量检验部.设备管理室.原料物理设备点检班,20631283,20631283
290553045,首钢集团.钢铁板块管理平台（股份公司）.北京首钢股份有限公司.炼铁作业部.动力作业区.风机高配甲班,20632384,20632384
290554857,首钢集团.钢铁板块管理平台（股份公司）.北京首钢股份有限公司.炼铁作业部.动力作业区.风机高配丁班,20632385,20632385
290553010,首钢集团.钢铁板块管理平台（股份公司）.北京首钢股份有限公司.炼铁作业部.动力作业区.风机高配乙班,20632386,20632386
290553036,首钢集团.钢铁板块管理平台（股份公司）.北京首钢股份有限公司.炼铁作业部.动力作业区.风机高配丙班,20632387,20632387
293653631,首钢集团.钢铁板块管理平台（股份公司）.北京首钢股份有限公司.迁安首钢冶金科技有限公司.会议中心.接待服务部.食品销售店,20633569,20633569
293660269,首钢集团.钢铁板块管理平台（股份公司）.北京首钢股份有限公司.迁安首钢冶金科技有限公司.市场部,20633570,20633570
294978445,首钢集团.钢铁板块管理平台（股份公司）.北京首钢股份有限公司.炼铁作业部.球团作业区.球团点检一班,20633911,20633911
294978432,首钢集团.钢铁板块管理平台（股份公司）.北京首钢股份有限公司.炼铁作业部.球团作业区.带焙丙班,20633912,20633912
294985553,首钢集团.钢铁板块管理平台（股份公司）.北京首钢股份有限公司.炼铁作业部.球团作业区.带焙丁班,20633913,20633913
294985830,首钢集团.钢铁板块管理平台（股份公司）.北京首钢股份有限公司.炼铁作业部.球团作业区.带焙甲班,20633914,20633914
294985502,首钢集团.钢铁板块管理平台（股份公司）.北京首钢股份有限公司.炼铁作业部.球团作业区.带焙乙班,20633915,20633915
295385763,首钢集团.钢铁板块管理平台（股份公司）.北京首钢股份有限公司.炼铁作业部.球团作业区.球团点检二班,20634159,20634159
303415530,首钢集团.钢铁板块管理平台（股份公司）.北京首钢股份有限公司.炼钢作业部.设备管理室.连铸电工班,20637011,20637011
303415713,首钢集团.钢铁板块管理平台（股份公司）.北京首钢股份有限公司.炼钢作业部.设备管理室.连铸钳工班,20637012,20637012
303416129,首钢集团.钢铁板块管理平台（股份公司）.北京首钢股份有限公司.炼钢作业部.设备管理室.精炼点检班,20637013,20637013
303612981,首钢集团.钢铁板块管理平台（股份公司）.北京首钢股份有限公司.首钢智新电磁材料(迁安)股份有限公司.智新电磁（香港）贸易有限公司.财务部,20637114,20637114
313876788,首钢集团.钢铁板块管理平台（股份公司）.北京首钢股份有限公司.迁安首钢冶金科技有限公司.会议中心.职工就餐服务中心,20640800,20640800
318334047,首钢集团.钢铁板块管理平台（股份公司）.北京首钢股份有限公司.迁安首钢冶金科技有限公司.会议中心.职工就餐服务中心.智新食堂,20642549,20642549
332733608,首钢集团.钢铁板块管理平台（股份公司）.北京首钢股份有限公司.热轧作业部.生产技术室.生产准备班,20648041,20648041
338704187,首钢集团.钢铁板块管理平台（股份公司）.北京首钢股份有限公司.制造部(技术中心).部领导,20651265,20651265
342327637,首钢集团.钢铁板块管理平台（股份公司）.北京首钢股份有限公司.采购中心.物流管理室.电商平台,20652955,20652955
345329868,首钢集团.钢铁板块管理平台（股份公司）.北京首钢股份有限公司.迁安首钢冶金科技有限公司.再生资源管理中心,20654763,20654763
349904157,首钢集团.钢铁板块管理平台（股份公司）.北京首钢股份有限公司.首钢智新电磁材料(迁安)股份有限公司.首钢智新电磁材料科技（苏州）有限公司,20657134,20657134
351445959,首钢集团.钢铁板块管理平台（股份公司）.北京首钢股份有限公司.炼铁作业部.动力作业区.动力点检班,20657941,20657941
352734115,首钢集团.钢铁板块管理平台（股份公司）.北京首钢股份有限公司.纪委.区域纪检组,20658478,20658478
352734124,首钢集团.钢铁板块管理平台（股份公司）.北京首钢股份有限公司.迁安首钢冶金科技有限公司.会议中心.职工就餐服务中心.中心食堂,20658479,20658479
355032491,首钢集团.钢铁板块管理平台（股份公司）.北京首钢股份有限公司.首钢智新电磁材料(迁安)股份有限公司.首钢智新电磁材料科技（苏州）有限公司.技术研发部,20658952,20658952
355032672,首钢集团.钢铁板块管理平台（股份公司）.北京首钢股份有限公司.首钢智新电磁材料(迁安)股份有限公司.首钢智新电磁材料科技（苏州）有限公司.经营管理部,20658953,20658953
355032870,首钢集团.钢铁板块管理平台（股份公司）.北京首钢股份有限公司.首钢智新电磁材料(迁安)股份有限公司.首钢智新电磁材料科技（苏州）有限公司.公司领导,20658954,20658954
355798865,首钢集团.钢铁板块管理平台（股份公司）.北京首钢股份有限公司.制造部(技术中心).数转研究室,20659170,20659170
364140610,首钢集团.钢铁板块管理平台（股份公司）.北京首钢股份有限公司.北京首钢钢贸投资管理有限公司.工厂管理部.落料线作业区,20661100,20661100
364149854,首钢集团.钢铁板块管理平台（股份公司）.北京首钢股份有限公司.北京首钢钢贸投资管理有限公司.工厂管理部.落料线作业区.落料线乙班,20661104,20661104
364149872,首钢集团.钢铁板块管理平台（股份公司）.北京首钢股份有限公司.北京首钢钢贸投资管理有限公司.工厂管理部.落料线作业区.落料线丁班,20661105,20661105
364149653,首钢集团.钢铁板块管理平台（股份公司）.北京首钢股份有限公司.北京首钢钢贸投资管理有限公司.工厂管理部.落料线作业区.落料线甲班,20661106,20661106
364149808,首钢集团.钢铁板块管理平台（股份公司）.北京首钢股份有限公司.北京首钢钢贸投资管理有限公司.工厂管理部.落料线作业区.落料线丙班,20661107,20661107
364150089,首钢集团.钢铁板块管理平台（股份公司）.北京首钢股份有限公司.北京首钢钢贸投资管理有限公司.工厂管理部.落料线作业区.落料物流班白班,20661108,20661108
365128560,首钢集团.钢铁板块管理平台（股份公司）.北京首钢股份有限公司.北京首钢钢贸投资管理有限公司.工厂管理部.落料线作业区.模具维修班组,20661522,20661522
365406208,首钢集团.钢铁板块管理平台（股份公司）.北京首钢股份有限公司.北京首钢冷轧薄板有限公司.设备部.综合点检组,20661627,20661627
365406007,首钢集团.钢铁板块管理平台（股份公司）.北京首钢股份有限公司.北京首钢冷轧薄板有限公司.设备部.自主维护组,20661628,20661628
365406812,首钢集团.钢铁板块管理平台（股份公司）.北京首钢股份有限公司.北京首钢冷轧薄板有限公司.设备部.技术管理组,20661629,20661629
365406026,首钢集团.钢铁板块管理平台（股份公司）.北京首钢股份有限公司.北京首钢冷轧薄板有限公司.设备部.职能管理组,20661630,20661630
365406736,首钢集团.钢铁板块管理平台（股份公司）.北京首钢股份有限公司.北京首钢冷轧薄板有限公司.设备部.酸轧点检组,20661631,20661631
365406472,首钢集团.钢铁板块管理平台（股份公司）.北京首钢股份有限公司.北京首钢冷轧薄板有限公司.设备部.镀锌点检组,20661632,20661632
365406609,首钢集团.钢铁板块管理平台（股份公司）.北京首钢股份有限公司.北京首钢冷轧薄板有限公司.酸轧作业区.磨辊间装配白班,20661634,20661634
365408033,首钢集团.钢铁板块管理平台（股份公司）.北京首钢股份有限公司.北京首钢冷轧薄板有限公司.酸轧作业区.磨辊间装配乙班,20661635,20661635
365408399,首钢集团.钢铁板块管理平台（股份公司）.北京首钢股份有限公司.北京首钢冷轧薄板有限公司.酸轧作业区.磨辊间装配甲班,20661636,20661636
365408547,首钢集团.钢铁板块管理平台（股份公司）.北京首钢股份有限公司.北京首钢冷轧薄板有限公司.酸轧作业区.磨辊间装配丁班,20661637,20661637
365408230,首钢集团.钢铁板块管理平台（股份公司）.北京首钢股份有限公司.北京首钢冷轧薄板有限公司.酸轧作业区.磨辊间装配丙班,20661638,20661638
372218614,首钢集团.钢铁板块管理平台（股份公司）.北京首钢股份有限公司.职工创业开发中心.绿化环卫组,20663773,20663773
375614129,首钢集团.钢铁板块管理平台（股份公司）.北京首钢股份有限公司.能源部.燃气作业区.燃气运维班,20664972,20664972
375613281,首钢集团.钢铁板块管理平台（股份公司）.北京首钢股份有限公司.能源部.燃气作业区.燃气运行丁班,20664973,20664973
375613345,首钢集团.钢铁板块管理平台（股份公司）.北京首钢股份有限公司.能源部.燃气作业区.燃气运行乙班,20664974,20664974
375613379,首钢集团.钢铁板块管理平台（股份公司）.北京首钢股份有限公司.能源部.燃气作业区.燃气运行丙班,20664975,20664975
375614455,首钢集团.钢铁板块管理平台（股份公司）.北京首钢股份有限公司.能源部.燃气作业区.燃气运行甲班,20664976,20664976
375941387,首钢集团.钢铁板块管理平台（股份公司）.北京首钢股份有限公司.综合服务项目部,20665047,20665047
376337765,首钢集团.钢铁板块管理平台（股份公司）.北京首钢股份有限公司.综合服务项目部.综合组,20665214,20665214
376339216,首钢集团.钢铁板块管理平台（股份公司）.北京首钢股份有限公司.综合服务项目部.绿化环卫组,20665217,20665217
380316597,首钢集团.钢铁板块管理平台（股份公司）.北京首钢股份有限公司.迁安首钢冶金科技有限公司.会议中心.接待服务部.商品销售部,20666138,20666138
380582628,首钢集团.钢铁板块管理平台（股份公司）.北京首钢股份有限公司.能源部.燃气作业区.管道运行丁班,20666213,20666213
380581275,首钢集团.钢铁板块管理平台（股份公司）.北京首钢股份有限公司.能源部.燃气作业区.管道运行丙班,20666214,20666214
380581230,首钢集团.钢铁板块管理平台（股份公司）.北京首钢股份有限公司.能源部.燃气作业区.管道运行乙班,20666215,20666215
380581249,首钢集团.钢铁板块管理平台（股份公司）.北京首钢股份有限公司.能源部.燃气作业区.管道运行甲班,20666216,20666216
383873803,首钢集团.钢铁板块管理平台（股份公司）.北京首钢股份有限公司.迁安首钢冶金科技有限公司.会议中心.职工就餐服务中心.金隅食堂,20667204,20667204
390003330,首钢集团.钢铁板块管理平台（股份公司）.北京首钢股份有限公司.采购中心.招标中心,20668837,20668837
400534227,首钢集团.钢铁板块管理平台（股份公司）.北京首钢股份有限公司.能源部.发电作业区.发电运行丙班,20671056,20671056
400534086,首钢集团.钢铁板块管理平台（股份公司）.北京首钢股份有限公司.能源部.发电作业区.发电运维班,20671057,20671057
400533940,首钢集团.钢铁板块管理平台（股份公司）.北京首钢股份有限公司.能源部.发电作业区.发电运行乙班,20671058,20671058
400533957,首钢集团.钢铁板块管理平台（股份公司）.北京首钢股份有限公司.能源部.发电作业区.发电运行甲班,20671059,20671059
400535530,首钢集团.钢铁板块管理平台（股份公司）.北京首钢股份有限公司.能源部.发电作业区.发电运行丁班,20671060,20671060
400535379,首钢集团.钢铁板块管理平台（股份公司）.北京首钢股份有限公司.能源部.供水作业区.供水运行丙班,20671061,20671061
400533961,首钢集团.钢铁板块管理平台（股份公司）.北京首钢股份有限公司.能源部.供水作业区.供水运维班,20671062,20671062
400534996,首钢集团.钢铁板块管理平台（股份公司）.北京首钢股份有限公司.能源部.供水作业区.供水运行乙班,20671063,20671063
400535377,首钢集团.钢铁板块管理平台（股份公司）.北京首钢股份有限公司.能源部.供水作业区.供水运行丁班,20671064,20671064
400535509,首钢集团.钢铁板块管理平台（股份公司）.北京首钢股份有限公司.能源部.供水作业区.供水运行甲班,20671065,20671065
406247685,首钢集团.钢铁板块管理平台（股份公司）.北京首钢股份有限公司.北京首钢钢贸投资管理有限公司.佛山首钢汽车部件有限公司.生产技术部.1650摆剪机组,20672559,20672559
413136019,首钢集团.钢铁板块管理平台（股份公司）.北京首钢股份有限公司.北京首钢钢贸投资管理有限公司.武汉首钢钢铁贸易有限公司.成都办事处,20674537,20674537
414177204,首钢集团.钢铁板块管理平台（股份公司）.北京首钢股份有限公司.北京首钢钢贸投资管理有限公司.广州首钢钢铁贸易有限公司.厦门办事处,20674753,20674753
414766868,首钢集团.钢铁板块管理平台（股份公司）.北京首钢股份有限公司.北京首钢钢贸投资管理有限公司.山东首钢钢铁贸易有限公司.西安办事处,20674847,20674847
417135033,首钢集团.钢铁板块管理平台（股份公司）.北京首钢股份有限公司.北京首钢钢贸投资管理有限公司.上海首钢钢铁贸易有限公司.合肥办事处,20675342,20675342
418059326,首钢集团.钢铁板块管理平台（股份公司）.北京首钢股份有限公司.综合服务项目部.不在岗组,20675581,20675581
419608059,首钢集团.钢铁板块管理平台（股份公司）.北京首钢股份有限公司.北京首钢冷轧薄板有限公司.安全保卫部.治安保卫班,20676013,20676013
424130681,首钢集团.钢铁板块管理平台（股份公司）.北京首钢股份有限公司.营销中心.中心领导.冷板销售部硅钢销售室,20677230,20677230
433964249,首钢集团.钢铁板块管理平台（股份公司）.北京首钢股份有限公司.综合服务项目部.绿化环卫组.绿化环卫五组,20680268,20680268
433964203,首钢集团.钢铁板块管理平台（股份公司）.北京首钢股份有限公司.综合服务项目部.绿化环卫组.绿化环卫七组,20680269,20680269
433964231,首钢集团.钢铁板块管理平台（股份公司）.北京首钢股份有限公司.综合服务项目部.绿化环卫组.绿化环卫二组,20680270,20680270
433964228,首钢集团.钢铁板块管理平台（股份公司）.北京首钢股份有限公司.综合服务项目部.绿化环卫组.绿化环卫六组,20680271,20680271
433964235,首钢集团.钢铁板块管理平台（股份公司）.北京首钢股份有限公司.综合服务项目部.绿化环卫组.绿化环卫一组,20680272,20680272
433964238,首钢集团.钢铁板块管理平台（股份公司）.北京首钢股份有限公司.综合服务项目部.绿化环卫组.绿化环卫四组,20680273,20680273
433964241,首钢集团.钢铁板块管理平台（股份公司）.北京首钢股份有限公司.综合服务项目部.绿化环卫组.绿化环卫三组,20680274,20680274
24370731,首钢集团.钢铁板块管理平台（股份公司）.北京首钢股份有限公司.相关方.宝信,90000000,90000000
24370908,首钢集团.钢铁板块管理平台（股份公司）.北京首钢股份有限公司.相关方.宝信.综合管理组,90000001,90000001
24371939,首钢集团.钢铁板块管理平台（股份公司）.北京首钢股份有限公司.相关方.宝信.销售系统,90000002,90000002
24371997,首钢集团.钢铁板块管理平台（股份公司）.北京首钢股份有限公司.相关方.宝信.采购系统,90000003,90000003
24372011,首钢集团.钢铁板块管理平台（股份公司）.北京首钢股份有限公司.相关方.宝信.成本系统,90000004,90000004
24372202,首钢集团.钢铁板块管理平台（股份公司）.北京首钢股份有限公司.相关方.宝信.设备系统,90000005,90000005
24372364,首钢集团.钢铁板块管理平台（股份公司）.北京首钢股份有限公司.相关方.宝信.工程系统,90000006,90000006
24372376,首钢集团.钢铁板块管理平台（股份公司）.北京首钢股份有限公司.相关方.宝信.生产质量系统,90000007,90000007
24372381,首钢集团.钢铁板块管理平台（股份公司）.北京首钢股份有限公司.相关方.宝信.工序质量分析系统,90000008,90000008
24372401,首钢集团.钢铁板块管理平台（股份公司）.北京首钢股份有限公司.相关方.宝信.厂内物流系统,90000009,90000009
24372426,首钢集团.钢铁板块管理平台（股份公司）.北京首钢股份有限公司.相关方.宝信.京唐能源系统,90000010,90000010
227306,首钢集团.钢铁板块管理平台（股份公司）.北京首钢股份有限公司,A,20000195
12770,首钢集团.钢铁板块管理平台（股份公司）.北京首钢股份有限公司.公司领导,A00,20006431
12772,首钢集团.钢铁板块管理平台（股份公司）.北京首钢股份有限公司.制造部(技术中心),A01,20001814
12917,首钢集团.钢铁板块管理平台（股份公司）.北京首钢股份有限公司.制造部(技术中心).综合管理室,A0101,20001837
12921,首钢集团.钢铁板块管理平台（股份公司）.北京首钢股份有限公司.制造部(技术中心).生产管控中心,A0102,20001838
12925,首钢集团.钢铁板块管理平台（股份公司）.北京首钢股份有限公司.制造部(技术中心).物流管控中心,A0103,20001839
12929,首钢集团.钢铁板块管理平台（股份公司）.北京首钢股份有限公司.制造部(技术中心).铁前室,A0104,20001840
12933,首钢集团.钢铁板块管理平台（股份公司）.北京首钢股份有限公司.制造部(技术中心).生产计划室,A0105,20001841
12937,首钢集团.钢铁板块管理平台（股份公司）.北京首钢股份有限公司.制造部(技术中心).热轧产品室,A0106,20001842
12941,首钢集团.钢铁板块管理平台（股份公司）.北京首钢股份有限公司.制造部(技术中心).汽车板室,A0107,20001843
12945,首钢集团.钢铁板块管理平台（股份公司）.北京首钢股份有限公司.制造部(技术中心).质量精益室,A0108,20001844
12949,首钢集团.钢铁板块管理平台（股份公司）.北京首钢股份有限公司.制造部(技术中心).科技管理室,A0109,20001845
12782,首钢集团.钢铁板块管理平台（股份公司）.北京首钢股份有限公司.设备部,A02,20001686
12975,首钢集团.钢铁板块管理平台（股份公司）.北京首钢股份有限公司.设备部.设备管理室,A0204,20001846
12979,首钢集团.钢铁板块管理平台（股份公司）.北京首钢股份有限公司.设备部.设备技术室,A0205,20001847
12983,首钢集团.钢铁板块管理平台（股份公司）.北京首钢股份有限公司.设备部.设备检修室,A0206,20001848
12985,首钢集团.钢铁板块管理平台（股份公司）.北京首钢股份有限公司.设备部.自动化计量室,A0207,20001849
12987,首钢集团.钢铁板块管理平台（股份公司）.北京首钢股份有限公司.设备部.备件管理室,A0208,20001850
12784,首钢集团.钢铁板块管理平台（股份公司）.北京首钢股份有限公司.计财部,A03,20001815
13010,首钢集团.钢铁板块管理平台（股份公司）.北京首钢股份有限公司.计财部.预算室,A0301,20001854
13012,首钢集团.钢铁板块管理平台（股份公司）.北京首钢股份有限公司.计财部.成本室,A0302,20001855
13014,首钢集团.钢铁板块管理平台（股份公司）.北京首钢股份有限公司.计财部.价税室,A0303,20001856
13016,首钢集团.钢铁板块管理平台（股份公司）.北京首钢股份有限公司.计财部.资金室,A0304,20001857
13018,首钢集团.钢铁板块管理平台（股份公司）.北京首钢股份有限公司.计财部.资产室,A0305,20001858
13020,首钢集团.钢铁板块管理平台（股份公司）.北京首钢股份有限公司.计财部.综合统计室,A0306,20001859
13022,首钢集团.钢铁板块管理平台（股份公司）.北京首钢股份有限公司.计财部.会计室,A0307,20001860
13027,首钢集团.钢铁板块管理平台（股份公司）.北京首钢股份有限公司.计财部.销售财务中心,A0309,20001862
13031,首钢集团.钢铁板块管理平台（股份公司）.北京首钢股份有限公司.计财部.冷轧财务派驻站,A0311,20001863
12786,首钢集团.钢铁板块管理平台（股份公司）.北京首钢股份有限公司.人力资源部(党委组织部),A04,20001469
13037,首钢集团.钢铁板块管理平台（股份公司）.北京首钢股份有限公司.人力资源部(党委组织部).组织干部室,A0401,20002239
13039,首钢集团.钢铁板块管理平台（股份公司）.北京首钢股份有限公司.人力资源部(党委组织部).劳动组织室,A0402,20001470
13041,首钢集团.钢铁板块管理平台（股份公司）.北京首钢股份有限公司.人力资源部(党委组织部).薪酬室,A0403,20002240
13043,首钢集团.钢铁板块管理平台（股份公司）.北京首钢股份有限公司.人力资源部(党委组织部).人事服务中心,A0404,20001471
12788,首钢集团.钢铁板块管理平台（股份公司）.北京首钢股份有限公司.办公室(党委办公室),A05,20000806
13049,首钢集团.钢铁板块管理平台（股份公司）.北京首钢股份有限公司.办公室(党委办公室).秘书室,A0501,20002242
13053,首钢集团.钢铁板块管理平台（股份公司）.北京首钢股份有限公司.办公室(党委办公室).驻京办,A0503,20002245
13055,首钢集团.钢铁板块管理平台（股份公司）.北京首钢股份有限公司.办公室(党委办公室).专家办,A0504,20002246
13057,首钢集团.钢铁板块管理平台（股份公司）.北京首钢股份有限公司.办公室(党委办公室).行政室,A0505,20002247
3973502,首钢集团.钢铁板块管理平台（股份公司）.北京首钢股份有限公司.办公室(党委办公室).运营调研室,A0507,20002243
12790,首钢集团.钢铁板块管理平台（股份公司）.北京首钢股份有限公司.董事会秘书室,A06,20002261
12792,首钢集团.钢铁板块管理平台（股份公司）.北京首钢股份有限公司.审计部,A07,20001816
12798,首钢集团.钢铁板块管理平台（股份公司）.北京首钢股份有限公司.能源部,A10,20001834
13085,首钢集团.钢铁板块管理平台（股份公司）.北京首钢股份有限公司.能源部.能源管理室,A1001,20001972
13411,首钢集团.钢铁板块管理平台（股份公司）.北京首钢股份有限公司.能源部.综合办公室,A1005,20001969
13413,首钢集团.钢铁板块管理平台（股份公司）.北京首钢股份有限公司.能源部.设备管理室,A1007,20001973
1484964,首钢集团.钢铁板块管理平台（股份公司）.北京首钢股份有限公司.能源部.设备管理室.电气点检班,A100701,20003056
1484968,首钢集团.钢铁板块管理平台（股份公司）.北京首钢股份有限公司.能源部.设备管理室.自动化点检班,A100702,20003055
13415,首钢集团.钢铁板块管理平台（股份公司）.北京首钢股份有限公司.能源部.安全管理室,A1008,20001971
13417,首钢集团.钢铁板块管理平台（股份公司）.北京首钢股份有限公司.能源部.供风作业区,A1009,20001974
1481635,首钢集团.钢铁板块管理平台（股份公司）.北京首钢股份有限公司.能源部.供风作业区.高炉鼓风机站班,A100901,20003057
1481638,首钢集团.钢铁板块管理平台（股份公司）.北京首钢股份有限公司.能源部.供风作业区.供风点检班,A100902,20003063
1481684,首钢集团.钢铁板块管理平台（股份公司）.北京首钢股份有限公司.能源部.供风作业区.空压机白班,A100903,20003058
1481694,首钢集团.钢铁板块管理平台（股份公司）.北京首钢股份有限公司.能源部.供风作业区.空压机甲班,A100905,20003059
1482071,首钢集团.钢铁板块管理平台（股份公司）.北京首钢股份有限公司.能源部.供风作业区.空压机乙班,A100906,20003060
1482073,首钢集团.钢铁板块管理平台（股份公司）.北京首钢股份有限公司.能源部.供风作业区.空压机丙班,A100907,20003061
1482075,首钢集团.钢铁板块管理平台（股份公司）.北京首钢股份有限公司.能源部.供风作业区.空压机丁班,A100908,20003062
1484890,首钢集团.钢铁板块管理平台（股份公司）.北京首钢股份有限公司.能源部.压差发电作业区.二炉压差班,A101010,20489929
1484893,首钢集团.钢铁板块管理平台（股份公司）.北京首钢股份有限公司.能源部.压差发电作业区.三炉压差班,A101011,20489930
1484918,首钢集团.钢铁板块管理平台（股份公司）.北京首钢股份有限公司.能源部.压差发电作业区.压差点检,A101012,20489931
13439,首钢集团.钢铁板块管理平台（股份公司）.北京首钢股份有限公司.能源部.供电作业区,A1013,20001980
1481585,首钢集团.钢铁板块管理平台（股份公司）.北京首钢股份有限公司.能源部.供电作业区.供电甲班,A101301,20003098
1481588,首钢集团.钢铁板块管理平台（股份公司）.北京首钢股份有限公司.能源部.供电作业区.供电乙班,A101302,20003100
1481594,首钢集团.钢铁板块管理平台（股份公司）.北京首钢股份有限公司.能源部.供电作业区.供电丙班,A101303,20003102
1481598,首钢集团.钢铁板块管理平台（股份公司）.北京首钢股份有限公司.能源部.供电作业区.供电丁班,A101304,20003104
1481574,首钢集团.钢铁板块管理平台（股份公司）.北京首钢股份有限公司.能源部.供电作业区.运维班,A101305,20003106
13423,首钢集团.钢铁板块管理平台（股份公司）.北京首钢股份有限公司.能源部.燃气作业区,A1014,20001978
1482687,首钢集团.钢铁板块管理平台（股份公司）.北京首钢股份有限公司.能源部.燃气作业区.燃气点检班,A101402,20003082
13425,首钢集团.钢铁板块管理平台（股份公司）.北京首钢股份有限公司.能源部.水处理作业区,A1015,20001977
1484466,首钢集团.钢铁板块管理平台（股份公司）.北京首钢股份有限公司.能源部.水处理作业区.水处理点检班,A101502,20003078
13445,首钢集团.钢铁板块管理平台（股份公司）.北京首钢股份有限公司.能源部.压差发电作业区,A1017,20001983
1484780,首钢集团.钢铁板块管理平台（股份公司）.北京首钢股份有限公司.能源部.压差发电作业区.一炉压差班,A101702,20003142
13427,首钢集团.钢铁板块管理平台（股份公司）.北京首钢股份有限公司.能源部.制氧作业区,A1018,20001979
1485032,首钢集团.钢铁板块管理平台（股份公司）.北京首钢股份有限公司.能源部.制氧作业区.空分甲班,A101802,20003084
1485036,首钢集团.钢铁板块管理平台（股份公司）.北京首钢股份有限公司.能源部.制氧作业区.空分白班,A101803,20003092
1485042,首钢集团.钢铁板块管理平台（股份公司）.北京首钢股份有限公司.能源部.制氧作业区.空分乙班,A101804,20003086
1485010,首钢集团.钢铁板块管理平台（股份公司）.北京首钢股份有限公司.能源部.制氧作业区.空分丙班,A101805,20003088
1485047,首钢集团.钢铁板块管理平台（股份公司）.北京首钢股份有限公司.能源部.制氧作业区.空分丁班,A101806,20003090
1485049,首钢集团.钢铁板块管理平台（股份公司）.北京首钢股份有限公司.能源部.制氧作业区.制氧点检班,A101807,20003094
1485051,首钢集团.钢铁板块管理平台（股份公司）.北京首钢股份有限公司.能源部.制氧作业区.配电班组,A101808,20003096
12800,首钢集团.钢铁板块管理平台（股份公司）.北京首钢股份有限公司.安全部,A11,20001819
13325,首钢集团.钢铁板块管理平台（股份公司）.北京首钢股份有限公司.安全部.安全室,A1101,20001871
13095,首钢集团.钢铁板块管理平台（股份公司）.北京首钢股份有限公司.安全部.气体防护站,A1102,20001872
12802,首钢集团.钢铁板块管理平台（股份公司）.北京首钢股份有限公司.保卫武装部,A12,20001821
13099,首钢集团.钢铁板块管理平台（股份公司）.北京首钢股份有限公司.保卫武装部.保卫室,A1201,20001874
1457346,首钢集团.钢铁板块管理平台（股份公司）.北京首钢股份有限公司.保卫武装部.保卫室.治安巡查班,A120302,20003093
12807,首钢集团.钢铁板块管理平台（股份公司）.北京首钢股份有限公司.纪委,A14,20001823
12809,首钢集团.钢铁板块管理平台（股份公司）.北京首钢股份有限公司.党群工作部(工会),A15,20001824
13121,首钢集团.钢铁板块管理平台（股份公司）.北京首钢股份有限公司.党群工作部(工会).宣传室(企业文化室),A1502,20001879
13125,首钢集团.钢铁板块管理平台（股份公司）.北京首钢股份有限公司.党群工作部(工会).团委,A1503,20001880
13129,首钢集团.钢铁板块管理平台（股份公司）.北京首钢股份有限公司.党群工作部(工会).工会办公室,A1504,20001881
12819,首钢集团.钢铁板块管理平台（股份公司）.北京首钢股份有限公司.炼铁作业部,A19,20001829
13217,首钢集团.钢铁板块管理平台（股份公司）.北京首钢股份有限公司.炼铁作业部.综合办公室,A1901,20001895
13221,首钢集团.钢铁板块管理平台（股份公司）.北京首钢股份有限公司.炼铁作业部.生产技术室,A1903,20001897
13223,首钢集团.钢铁板块管理平台（股份公司）.北京首钢股份有限公司.炼铁作业部.资源经营室,A1904,20001898
13229,首钢集团.钢铁板块管理平台（股份公司）.北京首钢股份有限公司.炼铁作业部.安全管理室,A1906,20001900
13233,首钢集团.钢铁板块管理平台（股份公司）.北京首钢股份有限公司.炼铁作业部.技术服务室,A1907,20001894
13317,首钢集团.钢铁板块管理平台（股份公司）.北京首钢股份有限公司.炼铁作业部.设备管理室,A1908,20001901
1522920,首钢集团.钢铁板块管理平台（股份公司）.北京首钢股份有限公司.炼铁作业部.设备管理室.仓库保管班,A190802,20003097
13263,首钢集团.钢铁板块管理平台（股份公司）.北京首钢股份有限公司.炼铁作业部.烧结作业区,A1915,20001905
1522934,首钢集团.钢铁板块管理平台（股份公司）.北京首钢股份有限公司.炼铁作业部.动力作业区.热能甲班,A191504,20003205
1522967,首钢集团.钢铁板块管理平台（股份公司）.北京首钢股份有限公司.炼铁作业部.动力作业区.热能乙班,A191505,20003207
1522954,首钢集团.钢铁板块管理平台（股份公司）.北京首钢股份有限公司.炼铁作业部.动力作业区.热能丙班,A191506,20003209
1522956,首钢集团.钢铁板块管理平台（股份公司）.北京首钢股份有限公司.炼铁作业部.动力作业区.热能丁班,A191507,20003211
1522916,首钢集团.钢铁板块管理平台（股份公司）.北京首钢股份有限公司.炼铁作业部.烧结作业区.烧结原料甲班,A191513,20003197
1523031,首钢集团.钢铁板块管理平台（股份公司）.北京首钢股份有限公司.炼铁作业部.烧结作业区.烧结原料乙班,A191514,20003199
1522941,首钢集团.钢铁板块管理平台（股份公司）.北京首钢股份有限公司.炼铁作业部.烧结作业区.烧结原料丙班,A191515,20003201
1780603,首钢集团.钢铁板块管理平台（股份公司）.北京首钢股份有限公司.炼铁作业部.烧结作业区.烧结原料丁班,A191516,20003203
1522952,首钢集团.钢铁板块管理平台（股份公司）.北京首钢股份有限公司.炼铁作业部.烧结作业区.二烧结甲班,A191517,20003189
1522992,首钢集团.钢铁板块管理平台（股份公司）.北京首钢股份有限公司.炼铁作业部.烧结作业区.二烧结乙班,A191518,20003191
1522985,首钢集团.钢铁板块管理平台（股份公司）.北京首钢股份有限公司.炼铁作业部.烧结作业区.二烧结丙班,A191519,20003193
1522943,首钢集团.钢铁板块管理平台（股份公司）.北京首钢股份有限公司.炼铁作业部.烧结作业区.二烧结丁班,A191520,20003195
142858257,首钢集团.钢铁板块管理平台（股份公司）.北京首钢股份有限公司.炼铁作业部.烧结作业区.烧结除尘班,A191521,20490073
10932740,首钢集团.钢铁板块管理平台（股份公司）.北京首钢股份有限公司.炼铁作业部.烧结作业区.烧结点检一班,A191522,20003105
10931303,首钢集团.钢铁板块管理平台（股份公司）.北京首钢股份有限公司.炼铁作业部.烧结作业区.烧结点检一班,A191522,20003105
10931312,首钢集团.钢铁板块管理平台（股份公司）.北京首钢股份有限公司.炼铁作业部.烧结作业区.烧结点检二班,A191523,20003107
10932743,首钢集团.钢铁板块管理平台（股份公司）.北京首钢股份有限公司.炼铁作业部.烧结作业区.烧结点检二班,A191523,20003107
11203370,首钢集团.钢铁板块管理平台（股份公司）.北京首钢股份有限公司.炼铁作业部.烧结作业区.白灰甲班,A191524,20003213
11203399,首钢集团.钢铁板块管理平台（股份公司）.北京首钢股份有限公司.炼铁作业部.烧结作业区.白灰乙班,A191525,20003215
11203881,首钢集团.钢铁板块管理平台（股份公司）.北京首钢股份有限公司.炼铁作业部.烧结作业区.白灰丙班,A191526,20003217
11203475,首钢集团.钢铁板块管理平台（股份公司）.北京首钢股份有限公司.炼铁作业部.烧结作业区.白灰丁班,A191527,20003219
13271,首钢集团.钢铁板块管理平台（股份公司）.北京首钢股份有限公司.炼铁作业部.球团作业区,A1917,20001906
1511701,首钢集团.钢铁板块管理平台（股份公司）.北京首钢股份有限公司.炼铁作业部.球团作业区.二焙烧甲班,A191706,20003229
1511677,首钢集团.钢铁板块管理平台（股份公司）.北京首钢股份有限公司.炼铁作业部.球团作业区.二焙烧乙班,A191707,20003231
1780645,首钢集团.钢铁板块管理平台（股份公司）.北京首钢股份有限公司.炼铁作业部.球团作业区.二焙烧丙班,A191708,20003233
1592928,首钢集团.钢铁板块管理平台（股份公司）.北京首钢股份有限公司.炼铁作业部.球团作业区.二焙烧丁班,A191709,20003235
1511671,首钢集团.钢铁板块管理平台（股份公司）.北京首钢股份有限公司.炼铁作业部.球团作业区.球团原料甲班,A191710,20003237
1511687,首钢集团.钢铁板块管理平台（股份公司）.北京首钢股份有限公司.炼铁作业部.球团作业区.球团原料乙班,A191711,20003239
1511705,首钢集团.钢铁板块管理平台（股份公司）.北京首钢股份有限公司.炼铁作业部.球团作业区.球团原料丙班,A191712,20003241
1592899,首钢集团.钢铁板块管理平台（股份公司）.北京首钢股份有限公司.炼铁作业部.球团作业区.球团原料丁班,A191713,20003243
10932677,首钢集团.钢铁板块管理平台（股份公司）.北京首钢股份有限公司.炼铁作业部.球团作业区.球团点检班,A191714,20003109
10931286,首钢集团.钢铁板块管理平台（股份公司）.北京首钢股份有限公司.炼铁作业部.球团作业区.球团点检班,A191714,20003109
13275,首钢集团.钢铁板块管理平台（股份公司）.北京首钢股份有限公司.炼铁作业部.动力作业区,A1918,20001909
1522231,首钢集团.钢铁板块管理平台（股份公司）.北京首钢股份有限公司.炼铁作业部.动力作业区.球团原料乙班,A191803,20003284
1616925,首钢集团.钢铁板块管理平台（股份公司）.北京首钢股份有限公司.炼铁作业部.动力作业区.球团原料丁班,A191804,20003286
1571682,首钢集团.钢铁板块管理平台（股份公司）.北京首钢股份有限公司.炼铁作业部.动力作业区.球团原料丙班,A191809,20003285
9271559,首钢集团.钢铁板块管理平台（股份公司）.北京首钢股份有限公司.炼铁作业部.高炉作业区,A1922,20001902
9282393,首钢集团.钢铁板块管理平台（股份公司）.北京首钢股份有限公司.炼铁作业部.高炉作业区,A1922,20001902
9271747,首钢集团.钢铁板块管理平台（股份公司）.北京首钢股份有限公司.炼铁作业部.高炉作业区.一高炉炉前甲班,A192202,20003137
9271884,首钢集团.钢铁板块管理平台（股份公司）.北京首钢股份有限公司.炼铁作业部.高炉作业区.一高炉炉前乙班,A192203,20003139
9272944,首钢集团.钢铁板块管理平台（股份公司）.北京首钢股份有限公司.炼铁作业部.高炉作业区.一高炉炉前丙班,A192204,20003141
9273003,首钢集团.钢铁板块管理平台（股份公司）.北京首钢股份有限公司.炼铁作业部.高炉作业区.一高炉炉前丁班,A192205,20003143
9273006,首钢集团.钢铁板块管理平台（股份公司）.北京首钢股份有限公司.炼铁作业部.高炉作业区.一高炉煤水班,A192206,20003131
9273044,首钢集团.钢铁板块管理平台（股份公司）.北京首钢股份有限公司.炼铁作业部.高炉作业区.一高炉热风炉班,A192207,20003133
9273051,首钢集团.钢铁板块管理平台（股份公司）.北京首钢股份有限公司.炼铁作业部.高炉作业区.一高炉上料班,A192208,20003127
9273088,首钢集团.钢铁板块管理平台（股份公司）.北京首钢股份有限公司.炼铁作业部.高炉作业区.二高炉炉前甲班,A192209,20003155
9273098,首钢集团.钢铁板块管理平台（股份公司）.北京首钢股份有限公司.炼铁作业部.高炉作业区.二高炉炉前乙班,A192210,20003157
9273128,首钢集团.钢铁板块管理平台（股份公司）.北京首钢股份有限公司.炼铁作业部.高炉作业区.二高炉炉前丙班,A192211,20003159
9273149,首钢集团.钢铁板块管理平台（股份公司）.北京首钢股份有限公司.炼铁作业部.高炉作业区.二高炉炉前丁班,A192212,20003161
9273143,首钢集团.钢铁板块管理平台（股份公司）.北京首钢股份有限公司.炼铁作业部.高炉作业区.二高炉炉前丁班,A192212,20003161
9273225,首钢集团.钢铁板块管理平台（股份公司）.北京首钢股份有限公司.炼铁作业部.高炉作业区.二高炉煤水班,A192213,20003149
9273250,首钢集团.钢铁板块管理平台（股份公司）.北京首钢股份有限公司.炼铁作业部.高炉作业区.二高炉热风炉班,A192214,20003151
9273283,首钢集团.钢铁板块管理平台（股份公司）.北京首钢股份有限公司.炼铁作业部.高炉作业区.二高炉上料班,A192215,20003145
9273271,首钢集团.钢铁板块管理平台（股份公司）.北京首钢股份有限公司.炼铁作业部.高炉作业区.三高炉炉前甲班,A192216,20003173
9273305,首钢集团.钢铁板块管理平台（股份公司）.北京首钢股份有限公司.炼铁作业部.高炉作业区.三高炉炉前乙班,A192217,20003175
9273356,首钢集团.钢铁板块管理平台（股份公司）.北京首钢股份有限公司.炼铁作业部.高炉作业区.三高炉炉前丙班,A192218,20003177
9273340,首钢集团.钢铁板块管理平台（股份公司）.北京首钢股份有限公司.炼铁作业部.高炉作业区.三高炉炉前丁班,A192219,20003179
9273423,首钢集团.钢铁板块管理平台（股份公司）.北京首钢股份有限公司.炼铁作业部.高炉作业区.三高炉煤水班,A192220,20003167
9273437,首钢集团.钢铁板块管理平台（股份公司）.北京首钢股份有限公司.炼铁作业部.高炉作业区.三高炉热风炉班,A192221,20003169
9273460,首钢集团.钢铁板块管理平台（股份公司）.北京首钢股份有限公司.炼铁作业部.高炉作业区.三高炉上料班,A192222,20003163
10931040,首钢集团.钢铁板块管理平台（股份公司）.北京首钢股份有限公司.炼铁作业部.高炉作业区.高炉点检班,A192223,20003099
10932561,首钢集团.钢铁板块管理平台（股份公司）.北京首钢股份有限公司.炼铁作业部.公辅作业区,A1923,20001907
10932593,首钢集团.钢铁板块管理平台（股份公司）.北京首钢股份有限公司.炼铁作业部.公辅作业区.一高炉制粉班,A192301,20003245
10932598,首钢集团.钢铁板块管理平台（股份公司）.北京首钢股份有限公司.炼铁作业部.公辅作业区.二高炉制粉班,A192302,20003247
10932600,首钢集团.钢铁板块管理平台（股份公司）.北京首钢股份有限公司.炼铁作业部.公辅作业区.三高炉制粉班,A192303,20003249
10932631,首钢集团.钢铁板块管理平台（股份公司）.北京首钢股份有限公司.炼铁作业部.公辅作业区.公辅点检一班,A192312,20490072
10931235,首钢集团.钢铁板块管理平台（股份公司）.北京首钢股份有限公司.炼铁作业部.公辅作业区.公辅点检一班,A192312,20490072
10932633,首钢集团.钢铁板块管理平台（股份公司）.北京首钢股份有限公司.炼铁作业部.公辅作业区.公辅点检二班,A192313,20490071
10931264,首钢集团.钢铁板块管理平台（股份公司）.北京首钢股份有限公司.炼铁作业部.公辅作业区.公辅点检二班,A192313,20490071
11203285,首钢集团.钢铁板块管理平台（股份公司）.北京首钢股份有限公司.炼铁作业部.公辅作业区.一高炉冲渣班,A192315,20003251
11203289,首钢集团.钢铁板块管理平台（股份公司）.北京首钢股份有限公司.炼铁作业部.公辅作业区.二高炉冲渣班,A192316,20003253
11203296,首钢集团.钢铁板块管理平台（股份公司）.北京首钢股份有限公司.炼铁作业部.公辅作业区.三高炉冲渣班,A192317,20003255
11203309,首钢集团.钢铁板块管理平台（股份公司）.北京首钢股份有限公司.炼铁作业部.公辅作业区.一高炉运料班,A192318,20003263
11203320,首钢集团.钢铁板块管理平台（股份公司）.北京首钢股份有限公司.炼铁作业部.公辅作业区.二高炉运料班,A192319,20003261
11203329,首钢集团.钢铁板块管理平台（股份公司）.北京首钢股份有限公司.炼铁作业部.公辅作业区.三高炉运料班,A192320,20003259
12825,首钢集团.钢铁板块管理平台（股份公司）.北京首钢股份有限公司.炼钢作业部,A20,20001830
13289,首钢集团.钢铁板块管理平台（股份公司）.北京首钢股份有限公司.炼钢作业部.综合办公室,A2001,20001910
13321,首钢集团.钢铁板块管理平台（股份公司）.北京首钢股份有限公司.炼钢作业部.生产技术室,A2003,20001912
13323,首钢集团.钢铁板块管理平台（股份公司）.北京首钢股份有限公司.炼钢作业部.安全管理室,A2004,20001913
13327,首钢集团.钢铁板块管理平台（股份公司）.北京首钢股份有限公司.炼钢作业部.设备管理室,A2005,20001914
1486482,首钢集团.钢铁板块管理平台（股份公司）.北京首钢股份有限公司.炼钢作业部.设备管理室.库房班,A200501,20002578
1486573,首钢集团.钢铁板块管理平台（股份公司）.北京首钢股份有限公司.炼钢作业部.设备管理室.外围电工班,A200506,20003289
1486644,首钢集团.钢铁板块管理平台（股份公司）.北京首钢股份有限公司.炼钢作业部.设备管理室.外围钳工班,A200507,20003288
1487184,首钢集团.钢铁板块管理平台（股份公司）.北京首钢股份有限公司.炼钢作业部.设备管理室.转炉电工班,A200523,20003291
1487186,首钢集团.钢铁板块管理平台（股份公司）.北京首钢股份有限公司.炼钢作业部.设备管理室.转炉钳工班,A200524,20003290
13329,首钢集团.钢铁板块管理平台（股份公司）.北京首钢股份有限公司.炼钢作业部.一炼钢炼钢作业区,A2006,20001915
1494007,首钢集团.钢铁板块管理平台（股份公司）.北京首钢股份有限公司.炼钢作业部.一炼钢炼钢作业区.1号炉丙班,A200601,20002581
1494010,首钢集团.钢铁板块管理平台（股份公司）.北京首钢股份有限公司.炼钢作业部.一炼钢炼钢作业区.1号炉丁班,A200602,20002582
1494020,首钢集团.钢铁板块管理平台（股份公司）.北京首钢股份有限公司.炼钢作业部.一炼钢炼钢作业区.1号炉甲班,A200603,20002579
1494027,首钢集团.钢铁板块管理平台（股份公司）.北京首钢股份有限公司.炼钢作业部.一炼钢炼钢作业区.1号炉乙班,A200604,20002580
1494035,首钢集团.钢铁板块管理平台（股份公司）.北京首钢股份有限公司.炼钢作业部.一炼钢炼钢作业区.2号炉丙班,A200605,20002585
1494048,首钢集团.钢铁板块管理平台（股份公司）.北京首钢股份有限公司.炼钢作业部.一炼钢炼钢作业区.2号炉丁班,A200606,20002586
1494052,首钢集团.钢铁板块管理平台（股份公司）.北京首钢股份有限公司.炼钢作业部.一炼钢炼钢作业区.2号炉甲班,A200607,20002583
1494058,首钢集团.钢铁板块管理平台（股份公司）.北京首钢股份有限公司.炼钢作业部.一炼钢炼钢作业区.2号炉乙班,A200608,20002584
1494074,首钢集团.钢铁板块管理平台（股份公司）.北京首钢股份有限公司.炼钢作业部.一炼钢炼钢作业区.3号炉丙班,A200609,20002589
1494084,首钢集团.钢铁板块管理平台（股份公司）.北京首钢股份有限公司.炼钢作业部.一炼钢炼钢作业区.3号炉丁班,A200610,20002590
1494142,首钢集团.钢铁板块管理平台（股份公司）.北京首钢股份有限公司.炼钢作业部.一炼钢炼钢作业区.3号炉甲班,A200611,20002587
1494185,首钢集团.钢铁板块管理平台（股份公司）.北京首钢股份有限公司.炼钢作业部.一炼钢炼钢作业区.3号炉乙班,A200612,20002588
1494330,首钢集团.钢铁板块管理平台（股份公司）.北京首钢股份有限公司.炼钢作业部.一炼钢炼钢作业区.一炼钢钢包准备甲班,A200613,20002599
1494379,首钢集团.钢铁板块管理平台（股份公司）.北京首钢股份有限公司.炼钢作业部.一炼钢炼钢作业区.一炼钢钢包准备乙班,A200614,20002600
1494426,首钢集团.钢铁板块管理平台（股份公司）.北京首钢股份有限公司.炼钢作业部.一炼钢炼钢作业区.一炼钢钢包准备丙班,A200615,20002601
1494465,首钢集团.钢铁板块管理平台（股份公司）.北京首钢股份有限公司.炼钢作业部.一炼钢炼钢作业区.一炼钢钢包准备丁班,A200616,20002602
1494801,首钢集团.钢铁板块管理平台（股份公司）.北京首钢股份有限公司.炼钢作业部.一炼钢炼钢作业区.一炼钢脱硫倒罐甲班,A200618,20002591
1494863,首钢集团.钢铁板块管理平台（股份公司）.北京首钢股份有限公司.炼钢作业部.一炼钢炼钢作业区.一炼钢脱硫倒罐乙班,A200622,20002596
1494859,首钢集团.钢铁板块管理平台（股份公司）.北京首钢股份有限公司.炼钢作业部.一炼钢炼钢作业区.一炼钢脱硫倒罐丙班,A200623,20002597
1494868,首钢集团.钢铁板块管理平台（股份公司）.北京首钢股份有限公司.炼钢作业部.一炼钢炼钢作业区.一炼钢脱硫倒罐丁班,A200624,20002598
1475632,首钢集团.钢铁板块管理平台（股份公司）.北京首钢股份有限公司.炼钢作业部.一炼钢炼钢作业区.一炼钢OG丙班,A200626,20002799
1475636,首钢集团.钢铁板块管理平台（股份公司）.北京首钢股份有限公司.炼钢作业部.一炼钢炼钢作业区.一炼钢OG丁班,A200627,20002801
1475661,首钢集团.钢铁板块管理平台（股份公司）.北京首钢股份有限公司.炼钢作业部.一炼钢炼钢作业区.一炼钢OG甲班,A200628,20002795
1475673,首钢集团.钢铁板块管理平台（股份公司）.北京首钢股份有限公司.炼钢作业部.一炼钢炼钢作业区.一炼钢OG乙班,A200629,20002797
13331,首钢集团.钢铁板块管理平台（股份公司）.北京首钢股份有限公司.炼钢作业部.二炼钢炼钢作业区,A2007,20001916
1471908,首钢集团.钢铁板块管理平台（股份公司）.北京首钢股份有限公司.炼钢作业部.二炼钢炼钢作业区.4号炉丙班,A200701,20002605
1471962,首钢集团.钢铁板块管理平台（股份公司）.北京首钢股份有限公司.炼钢作业部.二炼钢炼钢作业区.4号炉丁班,A200702,20002606
1784475,首钢集团.钢铁板块管理平台（股份公司）.北京首钢股份有限公司.炼钢作业部.二炼钢炼钢作业区.4号炉甲班,A200703,20002603
1472054,首钢集团.钢铁板块管理平台（股份公司）.北京首钢股份有限公司.炼钢作业部.二炼钢炼钢作业区.4号炉乙班,A200704,20002604
1472072,首钢集团.钢铁板块管理平台（股份公司）.北京首钢股份有限公司.炼钢作业部.二炼钢炼钢作业区.5号炉丙班,A200705,20002609
1472093,首钢集团.钢铁板块管理平台（股份公司）.北京首钢股份有限公司.炼钢作业部.二炼钢炼钢作业区.5号炉丁班,A200706,20002610
1472122,首钢集团.钢铁板块管理平台（股份公司）.北京首钢股份有限公司.炼钢作业部.二炼钢炼钢作业区.5号炉甲班,A200707,20002607
1472113,首钢集团.钢铁板块管理平台（股份公司）.北京首钢股份有限公司.炼钢作业部.二炼钢炼钢作业区.5号炉乙班,A200708,20002608
1472164,首钢集团.钢铁板块管理平台（股份公司）.北京首钢股份有限公司.炼钢作业部.二炼钢炼钢作业区.二炼钢钢包准备丙班,A200709,20002621
1472159,首钢集团.钢铁板块管理平台（股份公司）.北京首钢股份有限公司.炼钢作业部.二炼钢炼钢作业区.二炼钢钢包准备丁班,A200710,20002622
1472191,首钢集团.钢铁板块管理平台（股份公司）.北京首钢股份有限公司.炼钢作业部.二炼钢炼钢作业区.二炼钢钢包准备甲班,A200711,20002619
1472230,首钢集团.钢铁板块管理平台（股份公司）.北京首钢股份有限公司.炼钢作业部.二炼钢炼钢作业区.二炼钢钢包准备乙班,A200712,20002620
1472414,首钢集团.钢铁板块管理平台（股份公司）.北京首钢股份有限公司.炼钢作业部.二炼钢炼钢作业区.二炼钢脱硫倒罐丙班,A200717,20002617
1472428,首钢集团.钢铁板块管理平台（股份公司）.北京首钢股份有限公司.炼钢作业部.二炼钢炼钢作业区.二炼钢脱硫倒罐丁班,A200718,20002618
1472454,首钢集团.钢铁板块管理平台（股份公司）.北京首钢股份有限公司.炼钢作业部.二炼钢炼钢作业区.二炼钢脱硫倒罐甲班,A200719,20002615
1472487,首钢集团.钢铁板块管理平台（股份公司）.北京首钢股份有限公司.炼钢作业部.二炼钢炼钢作业区.二炼钢脱硫倒罐乙班,A200720,20002616
1472471,首钢集团.钢铁板块管理平台（股份公司）.北京首钢股份有限公司.炼钢作业部.二炼钢炼钢作业区.脱硫扒渣甲班,A200720,20002616
1493918,首钢集团.钢铁板块管理平台（股份公司）.北京首钢股份有限公司.炼钢作业部.精炼作业区.LF炉丙班,A200801,20002625
1493920,首钢集团.钢铁板块管理平台（股份公司）.北京首钢股份有限公司.炼钢作业部.精炼作业区.LF炉丁班,A200802,20002626
1493922,首钢集团.钢铁板块管理平台（股份公司）.北京首钢股份有限公司.炼钢作业部.精炼作业区.LF炉甲班,A200803,20002623
1493928,首钢集团.钢铁板块管理平台（股份公司）.北京首钢股份有限公司.炼钢作业部.精炼作业区.LF炉乙班,A200804,20002624
1493937,首钢集团.钢铁板块管理平台（股份公司）.北京首钢股份有限公司.炼钢作业部.精炼作业区.RH炉丙班,A200805,20002629
1493984,首钢集团.钢铁板块管理平台（股份公司）.北京首钢股份有限公司.炼钢作业部.精炼作业区.RH炉丁班,A200806,20002630
1493987,首钢集团.钢铁板块管理平台（股份公司）.北京首钢股份有限公司.炼钢作业部.精炼作业区.RH炉甲班,A200807,20002627
1493971,首钢集团.钢铁板块管理平台（股份公司）.北京首钢股份有限公司.炼钢作业部.精炼作业区.RH炉乙班,A200809,20002628
13335,首钢集团.钢铁板块管理平台（股份公司）.北京首钢股份有限公司.炼钢作业部.精炼作业区,A2009,20001918
1471155,首钢集团.钢铁板块管理平台（股份公司）.北京首钢股份有限公司.炼钢作业部.精炼作业区.2号LF丙班,A200902,20002641
1471799,首钢集团.钢铁板块管理平台（股份公司）.北京首钢股份有限公司.炼钢作业部.精炼作业区.2号LF丁班,A200903,20002642
1471285,首钢集团.钢铁板块管理平台（股份公司）.北京首钢股份有限公司.炼钢作业部.精炼作业区.2号LF甲班,A200904,20002639
1471365,首钢集团.钢铁板块管理平台（股份公司）.北京首钢股份有限公司.炼钢作业部.精炼作业区.2号LF乙班,A200905,20002640
1471381,首钢集团.钢铁板块管理平台（股份公司）.北京首钢股份有限公司.炼钢作业部.精炼作业区.3号RH丙班,A200906,20002633
1828723,首钢集团.钢铁板块管理平台（股份公司）.北京首钢股份有限公司.炼钢作业部.精炼作业区.3号RH丁班,A200907,20002634
1471617,首钢集团.钢铁板块管理平台（股份公司）.北京首钢股份有限公司.炼钢作业部.精炼作业区.3号RH甲班,A200908,20002631
1471658,首钢集团.钢铁板块管理平台（股份公司）.北京首钢股份有限公司.炼钢作业部.精炼作业区.3号RH乙班,A200909,20002632
1471679,首钢集团.钢铁板块管理平台（股份公司）.北京首钢股份有限公司.炼钢作业部.精炼作业区.4号RH丙班,A200910,20002637
1471742,首钢集团.钢铁板块管理平台（股份公司）.北京首钢股份有限公司.炼钢作业部.精炼作业区.4号RH丁班,A200911,20002638
1471777,首钢集团.钢铁板块管理平台（股份公司）.北京首钢股份有限公司.炼钢作业部.精炼作业区.4号RH甲班,A200912,20002635
1471827,首钢集团.钢铁板块管理平台（股份公司）.北京首钢股份有限公司.炼钢作业部.精炼作业区.4号RH乙班,A200913,20002636
13337,首钢集团.钢铁板块管理平台（股份公司）.北京首钢股份有限公司.炼钢作业部.一炼钢板坯作业区,A2010,20001919
1487674,首钢集团.钢铁板块管理平台（股份公司）.北京首钢股份有限公司.炼钢作业部.一炼钢板坯作业区.1号机丙班,A201001,20002646
1487750,首钢集团.钢铁板块管理平台（股份公司）.北京首钢股份有限公司.炼钢作业部.一炼钢板坯作业区.1号机丁班,A201002,20002649
1487759,首钢集团.钢铁板块管理平台（股份公司）.北京首钢股份有限公司.炼钢作业部.一炼钢板坯作业区.1号机甲班,A201003,20002643
1487771,首钢集团.钢铁板块管理平台（股份公司）.北京首钢股份有限公司.炼钢作业部.一炼钢板坯作业区.1号机乙班,A201004,20002644
1487786,首钢集团.钢铁板块管理平台（股份公司）.北京首钢股份有限公司.炼钢作业部.一炼钢板坯作业区.2号机丁班,A201005,20002659
1487778,首钢集团.钢铁板块管理平台（股份公司）.北京首钢股份有限公司.炼钢作业部.一炼钢板坯作业区.2号机丙班,A201006,20002656
1487788,首钢集团.钢铁板块管理平台（股份公司）.北京首钢股份有限公司.炼钢作业部.一炼钢板坯作业区.2号机甲班,A201007,20002652
1487792,首钢集团.钢铁板块管理平台（股份公司）.北京首钢股份有限公司.炼钢作业部.一炼钢板坯作业区.2号机乙班,A201008,20002654
13339,首钢集团.钢铁板块管理平台（股份公司）.北京首钢股份有限公司.炼钢作业部.二炼钢板坯作业区,A2011,20001920
1470820,首钢集团.钢铁板块管理平台（股份公司）.北京首钢股份有限公司.炼钢作业部.二炼钢板坯作业区.3号机丙班,A201103,20002666
1470845,首钢集团.钢铁板块管理平台（股份公司）.北京首钢股份有限公司.炼钢作业部.二炼钢板坯作业区.3号机丁班,A201104,20002668
1470890,首钢集团.钢铁板块管理平台（股份公司）.北京首钢股份有限公司.炼钢作业部.二炼钢板坯作业区.3号机甲班,A201105,20002661
1470925,首钢集团.钢铁板块管理平台（股份公司）.北京首钢股份有限公司.炼钢作业部.二炼钢板坯作业区.3号机乙班,A201106,20002663
1470945,首钢集团.钢铁板块管理平台（股份公司）.北京首钢股份有限公司.炼钢作业部.二炼钢板坯作业区.4号机丙班,A201107,20002674
1470960,首钢集团.钢铁板块管理平台（股份公司）.北京首钢股份有限公司.炼钢作业部.二炼钢板坯作业区.4号机丁班,A201108,20002677
1470973,首钢集团.钢铁板块管理平台（股份公司）.北京首钢股份有限公司.炼钢作业部.二炼钢板坯作业区.4号机甲班,A201109,20002670
1470999,首钢集团.钢铁板块管理平台（股份公司）.北京首钢股份有限公司.炼钢作业部.二炼钢板坯作业区.4号机乙班,A201110,20002672
13341,首钢集团.钢铁板块管理平台（股份公司）.北京首钢股份有限公司.炼钢作业部.钢坯精整作业区,A2012,20001921
1472798,首钢集团.钢铁板块管理平台（股份公司）.北京首钢股份有限公司.炼钢作业部.钢坯精整作业区.二炼钢精整丙班,A201201,20002703
1472837,首钢集团.钢铁板块管理平台（股份公司）.北京首钢股份有限公司.炼钢作业部.钢坯精整作业区.二炼钢精整丁班,A201202,20002706
1473077,首钢集团.钢铁板块管理平台（股份公司）.北京首钢股份有限公司.炼钢作业部.钢坯精整作业区.二炼钢精整甲班,A201203,20002697
1473061,首钢集团.钢铁板块管理平台（股份公司）.北京首钢股份有限公司.炼钢作业部.钢坯精整作业区.二炼钢精整乙班,A201204,20002700
1473113,首钢集团.钢铁板块管理平台（股份公司）.北京首钢股份有限公司.炼钢作业部.钢坯精整作业区.机清丙班,A201205,20002685
1829032,首钢集团.钢铁板块管理平台（股份公司）.北京首钢股份有限公司.炼钢作业部.钢坯精整作业区.机清丁班,A201206,20002687
1473207,首钢集团.钢铁板块管理平台（股份公司）.北京首钢股份有限公司.炼钢作业部.钢坯精整作业区.机清甲班,A201207,20002680
1473247,首钢集团.钢铁板块管理平台（股份公司）.北京首钢股份有限公司.炼钢作业部.钢坯精整作业区.机清乙班,A201208,20002683
1473298,首钢集团.钢铁板块管理平台（股份公司）.北京首钢股份有限公司.炼钢作业部.钢坯精整作业区.一炼钢精整丙班,A201209,20002693
1473308,首钢集团.钢铁板块管理平台（股份公司）.北京首钢股份有限公司.炼钢作业部.钢坯精整作业区.一炼钢精整丁班,A201210,20002695
1473342,首钢集团.钢铁板块管理平台（股份公司）.北京首钢股份有限公司.炼钢作业部.钢坯精整作业区.一炼钢精整甲班,A201211,20002689
1473370,首钢集团.钢铁板块管理平台（股份公司）.北京首钢股份有限公司.炼钢作业部.钢坯精整作业区.一炼钢精整乙班,A201212,20002691
13345,首钢集团.钢铁板块管理平台（股份公司）.北京首钢股份有限公司.炼钢作业部.天车作业区,A2013,20001922
1486103,首钢集团.钢铁板块管理平台（股份公司）.北京首钢股份有限公司.炼钢作业部.天车作业区.二炼钢炼钢天车丙二班,A201301,20002734
1486110,首钢集团.钢铁板块管理平台（股份公司）.北京首钢股份有限公司.炼钢作业部.天车作业区.二炼钢炼钢天车丙一班,A201302,20002730
1486113,首钢集团.钢铁板块管理平台（股份公司）.北京首钢股份有限公司.炼钢作业部.天车作业区.二炼钢炼钢天车丁二班,A201303,20002735
1486123,首钢集团.钢铁板块管理平台（股份公司）.北京首钢股份有限公司.炼钢作业部.天车作业区.二炼钢炼钢天车丁一班,A201304,20002731
1486148,首钢集团.钢铁板块管理平台（股份公司）.北京首钢股份有限公司.炼钢作业部.天车作业区.二炼钢炼钢天车甲二班,A201305,20002732
1486165,首钢集团.钢铁板块管理平台（股份公司）.北京首钢股份有限公司.炼钢作业部.天车作业区.二炼钢炼钢天车甲一班,A201306,20002727
1486183,首钢集团.钢铁板块管理平台（股份公司）.北京首钢股份有限公司.炼钢作业部.天车作业区.二炼钢炼钢天车乙二班,A201307,20002733
1486100,首钢集团.钢铁板块管理平台（股份公司）.北京首钢股份有限公司.炼钢作业部.天车作业区.二炼钢炼钢天车乙一班,A201308,20002729
1486231,首钢集团.钢铁板块管理平台（股份公司）.北京首钢股份有限公司.炼钢作业部.天车作业区.一炼钢炼钢天车丙二班,A201309,20002723
1486247,首钢集团.钢铁板块管理平台（股份公司）.北京首钢股份有限公司.炼钢作业部.天车作业区.一炼钢炼钢天车丙一班,A201310,20002714
1486367,首钢集团.钢铁板块管理平台（股份公司）.北京首钢股份有限公司.炼钢作业部.天车作业区.一炼钢炼钢天车丁二班,A201311,20002725
1486351,首钢集团.钢铁板块管理平台（股份公司）.北京首钢股份有限公司.炼钢作业部.天车作业区.一炼钢炼钢天车丁一班,A201312,20002717
1486376,首钢集团.钢铁板块管理平台（股份公司）.北京首钢股份有限公司.炼钢作业部.天车作业区.一炼钢炼钢天车甲二班,A201313,20002719
1486392,首钢集团.钢铁板块管理平台（股份公司）.北京首钢股份有限公司.炼钢作业部.天车作业区.一炼钢炼钢天车甲一班,A201314,20002709
1486399,首钢集团.钢铁板块管理平台（股份公司）.北京首钢股份有限公司.炼钢作业部.天车作业区.一炼钢炼钢天车乙二班,A201315,20002721
1486428,首钢集团.钢铁板块管理平台（股份公司）.北京首钢股份有限公司.炼钢作业部.天车作业区.一炼钢炼钢天车乙一班,A201316,20002711
13349,首钢集团.钢铁板块管理平台（股份公司）.北京首钢股份有限公司.炼钢作业部.公辅作业区,A2015,20001924
1473460,首钢集团.钢铁板块管理平台（股份公司）.北京首钢股份有限公司.炼钢作业部.公辅作业区.变配电丙班,A201501,20002772
1473507,首钢集团.钢铁板块管理平台（股份公司）.北京首钢股份有限公司.炼钢作业部.公辅作业区.变配电丁班,A201502,20002775
1473798,首钢集团.钢铁板块管理平台（股份公司）.北京首钢股份有限公司.炼钢作业部.公辅作业区.变配电甲班,A201503,20002768
1473809,首钢集团.钢铁板块管理平台（股份公司）.北京首钢股份有限公司.炼钢作业部.公辅作业区.变配电乙班,A201504,20002770
15823448,首钢集团.钢铁板块管理平台（股份公司）.北京首钢股份有限公司.炼钢作业部.公辅作业区.点检班,A201518,20489378
1475730,首钢集团.钢铁板块管理平台（股份公司）.北京首钢股份有限公司.炼钢作业部.供应作业区.二炼钢上料丙班,A201601,20002816
1780604,首钢集团.钢铁板块管理平台（股份公司）.北京首钢股份有限公司.炼钢作业部.供应作业区.二炼钢上料丁班,A201602,20002818
1475759,首钢集团.钢铁板块管理平台（股份公司）.北京首钢股份有限公司.炼钢作业部.供应作业区.二炼钢上料甲班,A201603,20002812
1485600,首钢集团.钢铁板块管理平台（股份公司）.北京首钢股份有限公司.炼钢作业部.供应作业区.二炼钢上料乙班,A201604,20002814
1485645,首钢集团.钢铁板块管理平台（股份公司）.北京首钢股份有限公司.炼钢作业部.供应作业区.一炼钢上料丙班,A201605,20002808
1485661,首钢集团.钢铁板块管理平台（股份公司）.北京首钢股份有限公司.炼钢作业部.供应作业区.一炼钢上料丁班,A201606,20002810
1485667,首钢集团.钢铁板块管理平台（股份公司）.北京首钢股份有限公司.炼钢作业部.供应作业区.一炼钢上料甲班,A201607,20002804
1485680,首钢集团.钢铁板块管理平台（股份公司）.北京首钢股份有限公司.炼钢作业部.公辅作业区.一炼钢上料乙班,A201608,20002806
12829,首钢集团.钢铁板块管理平台（股份公司）.北京首钢股份有限公司.热轧作业部,A21,20001831
13355,首钢集团.钢铁板块管理平台（股份公司）.北京首钢股份有限公司.热轧作业部.综合办公室,A2101,20001926
13359,首钢集团.钢铁板块管理平台（股份公司）.北京首钢股份有限公司.热轧作业部.生产技术室,A2103,20001928
13361,首钢集团.钢铁板块管理平台（股份公司）.北京首钢股份有限公司.热轧作业部.安全管理室,A2104,20001929
13364,首钢集团.钢铁板块管理平台（股份公司）.北京首钢股份有限公司.热轧作业部.设备管理室,A2105,20001930
1780588,首钢集团.钢铁板块管理平台（股份公司）.北京首钢股份有限公司.热轧作业部.设备管理室.职能班组,A210501,20490086
1550293,首钢集团.钢铁板块管理平台（股份公司）.北京首钢股份有限公司.热轧作业部.设备管理室.一热轧点检班,A210505,20002830
1550260,首钢集团.钢铁板块管理平台（股份公司）.北京首钢股份有限公司.热轧作业部.设备管理室.一热轧点检与运行甲班,A210506,20002820
1550286,首钢集团.钢铁板块管理平台（股份公司）.北京首钢股份有限公司.热轧作业部.设备管理室.一热轧点检与运行乙班,A210507,20002822
1780590,首钢集团.钢铁板块管理平台（股份公司）.北京首钢股份有限公司.热轧作业部.设备管理室.一热轧点检与运行丙班,A210508,20002824
1550247,首钢集团.钢铁板块管理平台（股份公司）.北京首钢股份有限公司.热轧作业部.设备管理室.一热轧点检与运行丁班,A210509,20002826
1550226,首钢集团.钢铁板块管理平台（股份公司）.北京首钢股份有限公司.热轧作业部.酸洗板材作业区.变配电运行班,A210510,20490087
1780619,首钢集团.钢铁板块管理平台（股份公司）.北京首钢股份有限公司.热轧作业部.设备管理室.点检班,A210511,20002843
1550312,首钢集团.钢铁板块管理平台（股份公司）.北京首钢股份有限公司.热轧作业部.设备管理室.二热轧点检班,A210516,20002840
1550240,首钢集团.钢铁板块管理平台（股份公司）.北京首钢股份有限公司.热轧作业部.设备管理室.二热轧点检与运行甲班,A210518,20002835
1550213,首钢集团.钢铁板块管理平台（股份公司）.北京首钢股份有限公司.热轧作业部.设备管理室.二热轧点检与运行乙班,A210519,20002836
1550219,首钢集团.钢铁板块管理平台（股份公司）.北京首钢股份有限公司.热轧作业部.设备管理室.二热轧点检与运行丙班,A210520,20002837
1550215,首钢集团.钢铁板块管理平台（股份公司）.北京首钢股份有限公司.热轧作业部.设备管理室.二热轧点检与运行丁班,A210521,20002838
13366,首钢集团.钢铁板块管理平台（股份公司）.北京首钢股份有限公司.热轧作业部.一热轧轧钢作业区,A2106,20001931
1550299,首钢集团.钢铁板块管理平台（股份公司）.北京首钢股份有限公司.热轧作业部.一热轧轧钢作业区.职能班,A210601,20490089
1550196,首钢集团.钢铁板块管理平台（股份公司）.北京首钢股份有限公司.热轧作业部.一热轧轧钢作业区.一热轧加热炉甲班,A210602,20002845
1550234,首钢集团.钢铁板块管理平台（股份公司）.北京首钢股份有限公司.热轧作业部.一热轧轧钢作业区.一热轧加热炉乙班,A210603,20002846
1550270,首钢集团.钢铁板块管理平台（股份公司）.北京首钢股份有限公司.热轧作业部.一热轧轧钢作业区.一热轧加热炉丙班,A210604,20002847
1550238,首钢集团.钢铁板块管理平台（股份公司）.北京首钢股份有限公司.热轧作业部.一热轧轧钢作业区.一热轧加热炉丁班,A210605,20002848
1550309,首钢集团.钢铁板块管理平台（股份公司）.北京首钢股份有限公司.热轧作业部.一热轧轧钢作业区.一热轧轧钢甲班,A210606,20002849
1550217,首钢集团.钢铁板块管理平台（股份公司）.北京首钢股份有限公司.热轧作业部.一热轧轧钢作业区.一热轧轧钢乙班,A210607,20002850
1780617,首钢集团.钢铁板块管理平台（股份公司）.北京首钢股份有限公司.热轧作业部.一热轧轧钢作业区.一热轧轧钢丙班,A210608,20002851
1550291,首钢集团.钢铁板块管理平台（股份公司）.北京首钢股份有限公司.热轧作业部.一热轧轧钢作业区.一热轧轧钢丁班,A210609,20002852
13369,首钢集团.钢铁板块管理平台（股份公司）.北京首钢股份有限公司.热轧作业部.二热轧轧钢作业区,A2107,20001932
1550251,首钢集团.钢铁板块管理平台（股份公司）.北京首钢股份有限公司.热轧作业部.二热轧轧钢作业区.职能班,A210701,20490075
1616833,首钢集团.钢铁板块管理平台（股份公司）.北京首钢股份有限公司.热轧作业部.二热轧轧钢作业区.二热轧加热炉甲班,A210702,20002857
1550242,首钢集团.钢铁板块管理平台（股份公司）.北京首钢股份有限公司.热轧作业部.二热轧轧钢作业区.二热轧加热炉乙班,A210703,20002858
1550232,首钢集团.钢铁板块管理平台（股份公司）.北京首钢股份有限公司.热轧作业部.二热轧轧钢作业区.二热轧加热炉丙班,A210704,20002859
1780622,首钢集团.钢铁板块管理平台（股份公司）.北京首钢股份有限公司.热轧作业部.二热轧轧钢作业区.二热轧加热炉丁班,A210705,20002860
1550301,首钢集团.钢铁板块管理平台（股份公司）.北京首钢股份有限公司.热轧作业部.二热轧轧钢作业区.二热轧轧钢甲班,A210706,20002861
1550282,首钢集团.钢铁板块管理平台（股份公司）.北京首钢股份有限公司.热轧作业部.二热轧轧钢作业区.二热轧轧钢乙班,A210707,20002862
1550303,首钢集团.钢铁板块管理平台（股份公司）.北京首钢股份有限公司.热轧作业部.二热轧轧钢作业区.二热轧轧钢丙班,A210708,20002863
1780611,首钢集团.钢铁板块管理平台（股份公司）.北京首钢股份有限公司.热轧作业部.二热轧轧钢作业区.二热轧轧钢丁班,A210709,20002864
13371,首钢集团.钢铁板块管理平台（股份公司）.北京首钢股份有限公司.热轧作业部.精整作业区.职能班,A2108,20490084
1550881,首钢集团.钢铁板块管理平台（股份公司）.北京首钢股份有限公司.热轧作业部.精整作业区.一热轧精整甲班,A210807,20002869
1551008,首钢集团.钢铁板块管理平台（股份公司）.北京首钢股份有限公司.热轧作业部.精整作业区.一热轧精整乙班,A210808,20002870
1550909,首钢集团.钢铁板块管理平台（股份公司）.北京首钢股份有限公司.热轧作业部.精整作业区.一热轧精整丙班,A210809,20002871
1550952,首钢集团.钢铁板块管理平台（股份公司）.北京首钢股份有限公司.热轧作业部.精整作业区.一热轧精整丁班,A210810,20002872
1592780,首钢集团.钢铁板块管理平台（股份公司）.北京首钢股份有限公司.热轧作业部.精整作业区.二热轧精整甲班,A210823,20002873
1550893,首钢集团.钢铁板块管理平台（股份公司）.北京首钢股份有限公司.热轧作业部.精整作业区.二热轧精整乙班,A210824,20002874
1550876,首钢集团.钢铁板块管理平台（股份公司）.北京首钢股份有限公司.热轧作业部.精整作业区.二热轧精整丙班,A210825,20002875
1551438,首钢集团.钢铁板块管理平台（股份公司）.北京首钢股份有限公司.热轧作业部.精整作业区.二热轧精整丁班,A210826,20002876
13375,首钢集团.钢铁板块管理平台（股份公司）.北京首钢股份有限公司.热轧作业部.酸洗板材作业区,A2110,20001934
1552468,首钢集团.钢铁板块管理平台（股份公司）.北京首钢股份有限公司.热轧作业部.酸洗板材作业区.职能班,A211001,20490088
1552473,首钢集团.钢铁板块管理平台（股份公司）.北京首钢股份有限公司.热轧作业部.酸洗板材作业区.开平乙班,A211002,20002898
1552480,首钢集团.钢铁板块管理平台（股份公司）.北京首钢股份有限公司.热轧作业部.酸洗板材作业区.酸洗甲班,A211003,20002899
1552507,首钢集团.钢铁板块管理平台（股份公司）.北京首钢股份有限公司.热轧作业部.酸洗板材作业区.酸洗乙班,A211004,20002900
1552514,首钢集团.钢铁板块管理平台（股份公司）.北京首钢股份有限公司.热轧作业部.酸洗板材作业区.酸洗丙班,A211005,20002901
1552545,首钢集团.钢铁板块管理平台（股份公司）.北京首钢股份有限公司.热轧作业部.酸洗板材作业区.酸洗丁班,A211006,20002902
1552570,首钢集团.钢铁板块管理平台（股份公司）.北京首钢股份有限公司.热轧作业部.酸洗板材作业区.拉矫甲班,A211007,20002903
1552585,首钢集团.钢铁板块管理平台（股份公司）.北京首钢股份有限公司.热轧作业部.酸洗板材作业区.拉矫乙班,A211008,20002904
1552577,首钢集团.钢铁板块管理平台（股份公司）.北京首钢股份有限公司.热轧作业部.酸洗板材作业区.拉矫丙班,A211009,20002905
1552598,首钢集团.钢铁板块管理平台（股份公司）.北京首钢股份有限公司.热轧作业部.酸洗板材作业区.拉矫丁班,A211010,20002906
22060741,首钢集团.钢铁板块管理平台（股份公司）.北京首钢股份有限公司.热轧作业部.酸洗板材作业区.连续酸洗线筹备组,A2113,20489866
12833,首钢集团.钢铁板块管理平台（股份公司）.北京首钢股份有限公司.首钢智新电磁材料(迁安)股份有限公司,A22,20006059
13379,首钢集团.钢铁板块管理平台（股份公司）.北京首钢股份有限公司.首钢智新电磁材料(迁安)股份有限公司.综合管理部,A2201,20006120
13381,首钢集团.钢铁板块管理平台（股份公司）.北京首钢股份有限公司.首钢智新电磁材料(迁安)股份有限公司.党群工作部,A2202,20006124
13383,首钢集团.钢铁板块管理平台（股份公司）.北京首钢股份有限公司.首钢智新电磁材料(迁安)股份有限公司.生产部,A22033,20006125
13385,首钢集团.钢铁板块管理平台（股份公司）.北京首钢股份有限公司.首钢智新电磁材料(迁安)股份有限公司.质量技术部,A2204,20006126
311203983,首钢集团.钢铁板块管理平台（股份公司）.北京首钢股份有限公司.首钢智新电磁材料(迁安)股份有限公司.质量技术部,A2204,20006126
1480501,首钢集团.钢铁板块管理平台（股份公司）.北京首钢股份有限公司.首钢智新电磁材料(迁安)股份有限公司.质量技术部.化学分析丙班,A220402,20006145
1480513,首钢集团.钢铁板块管理平台（股份公司）.北京首钢股份有限公司.首钢智新电磁材料(迁安)股份有限公司.质量技术部.化学分析丁班,A220403,20006146
1480517,首钢集团.钢铁板块管理平台（股份公司）.北京首钢股份有限公司.首钢智新电磁材料(迁安)股份有限公司.质量技术部.化学分析甲班,A220404,20006143
1480541,首钢集团.钢铁板块管理平台（股份公司）.北京首钢股份有限公司.首钢智新电磁材料(迁安)股份有限公司.质量技术部.化学分析乙班,A220405,20006144
1480529,首钢集团.钢铁板块管理平台（股份公司）.北京首钢股份有限公司.首钢智新电磁材料(迁安)股份有限公司.质量技术部.理化检验白班,A220406,20006147
1616907,首钢集团.钢铁板块管理平台（股份公司）.北京首钢股份有限公司.首钢智新电磁材料(迁安)股份有限公司.质量技术部.物理检验丙班,A220407,20006141
1480638,首钢集团.钢铁板块管理平台（股份公司）.北京首钢股份有限公司.首钢智新电磁材料(迁安)股份有限公司.质量技术部.物理检验丁班,A220408,20006142
1480650,首钢集团.钢铁板块管理平台（股份公司）.北京首钢股份有限公司.首钢智新电磁材料(迁安)股份有限公司.质量技术部.物理检验甲班,A220409,20006139
1480670,首钢集团.钢铁板块管理平台（股份公司）.北京首钢股份有限公司.首钢智新电磁材料(迁安)股份有限公司.质量技术部.物理检验乙班,A220410,20006140
13387,首钢集团.钢铁板块管理平台（股份公司）.北京首钢股份有限公司.首钢智新电磁材料(迁安)股份有限公司.工艺技术部,A2205,20006128
13389,首钢集团.钢铁板块管理平台（股份公司）.北京首钢股份有限公司.首钢智新电磁材料(迁安)股份有限公司.市场部,A2206,20006129
13391,首钢集团.钢铁板块管理平台（股份公司）.北京首钢股份有限公司.首钢智新电磁材料(迁安)股份有限公司.安全部,A2207,20006130
13393,首钢集团.钢铁板块管理平台（股份公司）.北京首钢股份有限公司.首钢智新电磁材料(迁安)股份有限公司.设备部,A2208,20006131
13395,首钢集团.钢铁板块管理平台（股份公司）.北京首钢股份有限公司.首钢智新电磁材料(迁安)股份有限公司.一作业区,A2209,20006132
1481110,首钢集团.钢铁板块管理平台（股份公司）.北京首钢股份有限公司.首钢智新电磁材料(迁安)股份有限公司.一作业区.连退丙班,A220901,20006182
1481116,首钢集团.钢铁板块管理平台（股份公司）.北京首钢股份有限公司.首钢智新电磁材料(迁安)股份有限公司.一作业区.连退丁班,A220903,20006183
1481144,首钢集团.钢铁板块管理平台（股份公司）.北京首钢股份有限公司.首钢智新电磁材料(迁安)股份有限公司.一作业区.连退甲班,A220904,20006180
1481151,首钢集团.钢铁板块管理平台（股份公司）.北京首钢股份有限公司.首钢智新电磁材料(迁安)股份有限公司.一作业区.连退乙班,A220905,20006181
1481168,首钢集团.钢铁板块管理平台（股份公司）.北京首钢股份有限公司.首钢智新电磁材料(迁安)股份有限公司.一作业区.设备点检班,A220907,20006184
1481174,首钢集团.钢铁板块管理平台（股份公司）.北京首钢股份有限公司.首钢智新电磁材料(迁安)股份有限公司.一作业区.酸轧丁班,A220908,20006179
13397,首钢集团.钢铁板块管理平台（股份公司）.北京首钢股份有限公司.首钢智新电磁材料(迁安)股份有限公司.二作业区,A2210,20006133
1481895,首钢集团.钢铁板块管理平台（股份公司）.北京首钢股份有限公司.首钢智新电磁材料(迁安)股份有限公司.二作业区.常化酸洗丙班,A221002,20006188
1481935,首钢集团.钢铁板块管理平台（股份公司）.北京首钢股份有限公司.首钢智新电磁材料(迁安)股份有限公司.二作业区.常化酸洗丁班,A221004,20006189
1481943,首钢集团.钢铁板块管理平台（股份公司）.北京首钢股份有限公司.首钢智新电磁材料(迁安)股份有限公司.二作业区.常化酸洗甲班,A221005,20006186
1481950,首钢集团.钢铁板块管理平台（股份公司）.北京首钢股份有限公司.首钢智新电磁材料(迁安)股份有限公司.二作业区.常化酸洗乙班,A221006,20006187
1481978,首钢集团.钢铁板块管理平台（股份公司）.北京首钢股份有限公司.首钢智新电磁材料(迁安)股份有限公司.二作业区.二十辊丙班,A221007,20006192
1481953,首钢集团.钢铁板块管理平台（股份公司）.北京首钢股份有限公司.首钢智新电磁材料(迁安)股份有限公司.二作业区.二十辊丁班,A221009,20006193
1481959,首钢集团.钢铁板块管理平台（股份公司）.北京首钢股份有限公司.首钢智新电磁材料(迁安)股份有限公司.二作业区.二十辊甲班,A221010,20006190
1482001,首钢集团.钢铁板块管理平台（股份公司）.北京首钢股份有限公司.首钢智新电磁材料(迁安)股份有限公司.二作业区.二十辊乙班,A221011,20006191
13399,首钢集团.钢铁板块管理平台（股份公司）.北京首钢股份有限公司.首钢智新电磁材料(迁安)股份有限公司.三作业区,A2211,20006134
1482077,首钢集团.钢铁板块管理平台（股份公司）.北京首钢股份有限公司.首钢智新电磁材料(迁安)股份有限公司.三作业区.环形炉甲班,A221101,20490103
1482079,首钢集团.钢铁板块管理平台（股份公司）.北京首钢股份有限公司.首钢智新电磁材料(迁安)股份有限公司.三作业区.环形炉乙班,A221102,20490104
1482106,首钢集团.钢铁板块管理平台（股份公司）.北京首钢股份有限公司.首钢智新电磁材料(迁安)股份有限公司.三作业区.环形炉丙班,A221103,20490100
1482108,首钢集团.钢铁板块管理平台（股份公司）.北京首钢股份有限公司.首钢智新电磁材料(迁安)股份有限公司.三作业区.环形炉丁班,A221104,20490102
1482111,首钢集团.钢铁板块管理平台（股份公司）.北京首钢股份有限公司.首钢智新电磁材料(迁安)股份有限公司.三作业区.环形炉点检,A221105,20490101
1482099,首钢集团.钢铁板块管理平台（股份公司）.北京首钢股份有限公司.首钢智新电磁材料(迁安)股份有限公司.三作业区.拉伸平整甲班,A221106,20006205
1482122,首钢集团.钢铁板块管理平台（股份公司）.北京首钢股份有限公司.首钢智新电磁材料(迁安)股份有限公司.三作业区.拉伸平整乙班,A221107,20006206
1482126,首钢集团.钢铁板块管理平台（股份公司）.北京首钢股份有限公司.首钢智新电磁材料(迁安)股份有限公司.三作业区.拉伸平整丙班,A221108,20006207
1482128,首钢集团.钢铁板块管理平台（股份公司）.北京首钢股份有限公司.首钢智新电磁材料(迁安)股份有限公司.三作业区.拉伸平整丁班,A221109,20006208
1482204,首钢集团.钢铁板块管理平台（股份公司）.北京首钢股份有限公司.首钢智新电磁材料(迁安)股份有限公司.三作业区.脱碳退火甲班,A221111,20006201
1482206,首钢集团.钢铁板块管理平台（股份公司）.北京首钢股份有限公司.首钢智新电磁材料(迁安)股份有限公司.三作业区.脱碳退火乙班,A221112,20006202
1482214,首钢集团.钢铁板块管理平台（股份公司）.北京首钢股份有限公司.首钢智新电磁材料(迁安)股份有限公司.三作业区.脱碳退火丙班,A221113,20006203
1482193,首钢集团.钢铁板块管理平台（股份公司）.北京首钢股份有限公司.首钢智新电磁材料(迁安)股份有限公司.三作业区.脱碳退火丁班,A221114,20006204
1482221,首钢集团.钢铁板块管理平台（股份公司）.北京首钢股份有限公司.首钢智新电磁材料(迁安)股份有限公司.三作业区.设备点检班,A221115,20006209
13401,首钢集团.钢铁板块管理平台（股份公司）.北京首钢股份有限公司.首钢智新电磁材料(迁安)股份有限公司.精整作业区,A2212,20006135
1482980,首钢集团.钢铁板块管理平台（股份公司）.北京首钢股份有限公司.首钢智新电磁材料(迁安)股份有限公司.精整作业区.成品发运班组,A221202,20006216
1482990,首钢集团.钢铁板块管理平台（股份公司）.北京首钢股份有限公司.首钢智新电磁材料(迁安)股份有限公司.精整作业区.精整甲班,A221203,20006212
1482998,首钢集团.钢铁板块管理平台（股份公司）.北京首钢股份有限公司.首钢智新电磁材料(迁安)股份有限公司.精整作业区.精整乙班,A221204,20006213
1483000,首钢集团.钢铁板块管理平台（股份公司）.北京首钢股份有限公司.首钢智新电磁材料(迁安)股份有限公司.精整作业区.精整丙班,A221205,20006214
1483002,首钢集团.钢铁板块管理平台（股份公司）.北京首钢股份有限公司.首钢智新电磁材料(迁安)股份有限公司.精整作业区.精整丁班,A221206,20006215
52638396,首钢集团.钢铁板块管理平台（股份公司）.北京首钢股份有限公司.首钢智新电磁材料(迁安)股份有限公司.精整作业区.生产准备班,A221207,20491841
13403,首钢集团.钢铁板块管理平台（股份公司）.北京首钢股份有限公司.首钢智新电磁材料(迁安)股份有限公司.动力作业区,A2213,20006136
1500435,首钢集团.钢铁板块管理平台（股份公司）.北京首钢股份有限公司.首钢智新电磁材料(迁安)股份有限公司.动力作业区.变配电甲班,A221302,20006217
1500437,首钢集团.钢铁板块管理平台（股份公司）.北京首钢股份有限公司.首钢智新电磁材料(迁安)股份有限公司.动力作业区.变配电乙班,A221303,20006218
1500440,首钢集团.钢铁板块管理平台（股份公司）.北京首钢股份有限公司.首钢智新电磁材料(迁安)股份有限公司.动力作业区.变配电丙班,A221304,20006219
1500463,首钢集团.钢铁板块管理平台（股份公司）.北京首钢股份有限公司.首钢智新电磁材料(迁安)股份有限公司.动力作业区.变配电丁班,A221305,20006220
1500466,首钢集团.钢铁板块管理平台（股份公司）.北京首钢股份有限公司.首钢智新电磁材料(迁安)股份有限公司.动力作业区.设备点检班,A221306,20006223
1500471,首钢集团.钢铁板块管理平台（股份公司）.北京首钢股份有限公司.首钢智新电磁材料(迁安)股份有限公司.动力作业区.燃气集中控制白班,A221308,20006222
1500476,首钢集团.钢铁板块管理平台（股份公司）.北京首钢股份有限公司.首钢智新电磁材料(迁安)股份有限公司.动力作业区.燃气集中控制甲班,A221309,20490093
1500446,首钢集团.钢铁板块管理平台（股份公司）.北京首钢股份有限公司.首钢智新电磁材料(迁安)股份有限公司.动力作业区.燃气集中控制乙班,A221310,20490094
1500480,首钢集团.钢铁板块管理平台（股份公司）.北京首钢股份有限公司.首钢智新电磁材料(迁安)股份有限公司.动力作业区.燃气集中控制丙班,A221311,20490091
1500453,首钢集团.钢铁板块管理平台（股份公司）.北京首钢股份有限公司.首钢智新电磁材料(迁安)股份有限公司.动力作业区.燃气集中控制丁班,A221312,20490092
1500455,首钢集团.钢铁板块管理平台（股份公司）.北京首钢股份有限公司.首钢智新电磁材料(迁安)股份有限公司.动力作业区.循环水泵站白班,A221313,20490095
1500459,首钢集团.钢铁板块管理平台（股份公司）.北京首钢股份有限公司.首钢智新电磁材料(迁安)股份有限公司.动力作业区.循环水泵站甲班,A221314,20490098
1500502,首钢集团.钢铁板块管理平台（股份公司）.北京首钢股份有限公司.首钢智新电磁材料(迁安)股份有限公司.动力作业区.循环水泵站乙班,A221315,20490099
1500485,首钢集团.钢铁板块管理平台（股份公司）.北京首钢股份有限公司.首钢智新电磁材料(迁安)股份有限公司.动力作业区.循环水泵站丙班,A221316,20490096
1500492,首钢集团.钢铁板块管理平台（股份公司）.北京首钢股份有限公司.首钢智新电磁材料(迁安)股份有限公司.动力作业区.循环水泵站丁班,A221317,20490097
13407,首钢集团.钢铁板块管理平台（股份公司）.北京首钢股份有限公司.首钢智新电磁材料(迁安)股份有限公司.工程筹备组,A2215,20006137
1383935,首钢集团.钢铁板块管理平台（股份公司）.北京首钢股份有限公司.首钢智新电磁材料(迁安)股份有限公司.维检作业区,A2216,20006138
1459866,首钢集团.钢铁板块管理平台（股份公司）.北京首钢股份有限公司.首钢智新电磁材料(迁安)股份有限公司.维检作业区.常化酸洗电工班,A221601,20006158
1459897,首钢集团.钢铁板块管理平台（股份公司）.北京首钢股份有限公司.首钢智新电磁材料(迁安)股份有限公司.维检作业区.常化酸洗钳工班,A221602,20006157
1459874,首钢集团.钢铁板块管理平台（股份公司）.北京首钢股份有限公司.首钢智新电磁材料(迁安)股份有限公司.维检作业区.二十辊班,A221603,20006156
1459899,首钢集团.钢铁板块管理平台（股份公司）.北京首钢股份有限公司.首钢智新电磁材料(迁安)股份有限公司.维检作业区.连退电工一班,A221605,20006153
1459924,首钢集团.钢铁板块管理平台（股份公司）.北京首钢股份有限公司.首钢智新电磁材料(迁安)股份有限公司.维检作业区.连退能介二班,A221606,20006155
1459943,首钢集团.钢铁板块管理平台（股份公司）.北京首钢股份有限公司.首钢智新电磁材料(迁安)股份有限公司.维检作业区.连退能介一班,A221607,20006154
1459950,首钢集团.钢铁板块管理平台（股份公司）.北京首钢股份有限公司.首钢智新电磁材料(迁安)股份有限公司.维检作业区.连退钳工一班,A221609,20006151
1459932,首钢集团.钢铁板块管理平台（股份公司）.北京首钢股份有限公司.首钢智新电磁材料(迁安)股份有限公司.维检作业区.酸轧电工班,A221610,20006149
1459939,首钢集团.钢铁板块管理平台（股份公司）.北京首钢股份有限公司.首钢智新电磁材料(迁安)股份有限公司.维检作业区.酸轧能介班,A221612,20006159
1459961,首钢集团.钢铁板块管理平台（股份公司）.北京首钢股份有限公司.首钢智新电磁材料(迁安)股份有限公司.维检作业区.脱碳退火钳工班,A221613,20006160
1459967,首钢集团.钢铁板块管理平台（股份公司）.北京首钢股份有限公司.首钢智新电磁材料(迁安)股份有限公司.维检作业区.焊机维护班,A221614,20006170
1459998,首钢集团.钢铁板块管理平台（股份公司）.北京首钢股份有限公司.首钢智新电磁材料(迁安)股份有限公司.维检作业区.运行一班(丙),A221619,20006164
1460021,首钢集团.钢铁板块管理平台（股份公司）.北京首钢股份有限公司.首钢智新电磁材料(迁安)股份有限公司.维检作业区.运行一班(丁),A221620,20006165
1460030,首钢集团.钢铁板块管理平台（股份公司）.北京首钢股份有限公司.首钢智新电磁材料(迁安)股份有限公司.维检作业区.综合班,A221622,20006171
1473203,首钢集团.钢铁板块管理平台（股份公司）.北京首钢股份有限公司.首钢智新电磁材料(迁安)股份有限公司.维检作业区.综合班,A221622,20006171
1460044,首钢集团.钢铁板块管理平台（股份公司）.北京首钢股份有限公司.首钢智新电磁材料(迁安)股份有限公司.维检作业区.运行一班(乙),A221623,20006162
1473230,首钢集团.钢铁板块管理平台（股份公司）.北京首钢股份有限公司.首钢智新电磁材料(迁安)股份有限公司.维检作业区.运行一班(甲),A221623,20006162
1473199,首钢集团.钢铁板块管理平台（股份公司）.北京首钢股份有限公司.首钢智新电磁材料(迁安)股份有限公司.维检作业区.运行一班(乙),A221624,20006163
1472476,首钢集团.钢铁板块管理平台（股份公司）.北京首钢股份有限公司.首钢智新电磁材料(迁安)股份有限公司.维检作业区.职能组,A221624,20006163
52627071,首钢集团.钢铁板块管理平台（股份公司）.北京首钢股份有限公司.首钢智新电磁材料(迁安)股份有限公司.首钢智新电磁服务作业区,A2217,20491674
12845,首钢集团.钢铁板块管理平台（股份公司）.北京首钢股份有限公司.质量检验部,A25,20001833
13449,首钢集团.钢铁板块管理平台（股份公司）.北京首钢股份有限公司.质量检验部.综合办公室,A2501,20001948
13453,首钢集团.钢铁板块管理平台（股份公司）.北京首钢股份有限公司.质量检验部.生产技术室,A2503,20001950
13457,首钢集团.钢铁板块管理平台（股份公司）.北京首钢股份有限公司.质量检验部.物理检测室,A2505,20001953
1521669,首钢集团.钢铁板块管理平台（股份公司）.北京首钢股份有限公司.质量检验部.物理检测室.综合检验班,A250502,20003011
1521663,首钢集团.钢铁板块管理平台（股份公司）.北京首钢股份有限公司.质量检验部.物理检测室.物理性能甲班,A250504,20003012
1521684,首钢集团.钢铁板块管理平台（股份公司）.北京首钢股份有限公司.质量检验部.物理检测室.物理性能乙班,A250505,20003013
1521653,首钢集团.钢铁板块管理平台（股份公司）.北京首钢股份有限公司.质量检验部.物理检测室.物理性能丙班,A250506,20003014
1521682,首钢集团.钢铁板块管理平台（股份公司）.北京首钢股份有限公司.质量检验部.物理检测室.物理性能丁班,A250507,20003015
13459,首钢集团.钢铁板块管理平台（股份公司）.北京首钢股份有限公司.质量检验部.化学分析室,A2506,20001954
1521658,首钢集团.钢铁板块管理平台（股份公司）.北京首钢股份有限公司.质量检验部.化学分析室.水质耐材班,A250602,20003017
1522214,首钢集团.钢铁板块管理平台（股份公司）.北京首钢股份有限公司.质量检验部.化学分析室.自动化分析甲班,A250604,20003018
1522204,首钢集团.钢铁板块管理平台（股份公司）.北京首钢股份有限公司.质量检验部.化学分析室.自动化分析乙班,A250605,20003019
1780600,首钢集团.钢铁板块管理平台（股份公司）.北京首钢股份有限公司.质量检验部.化学分析室.自动化分析丙班,A250606,20003020
1522222,首钢集团.钢铁板块管理平台（股份公司）.北京首钢股份有限公司.质量检验部.化学分析室.自动化分析丁班,A250607,20003021
1780673,首钢集团.钢铁板块管理平台（股份公司）.北京首钢股份有限公司.质量检验部.化学分析室.化学分析白班,A250608,20003016
1522169,首钢集团.钢铁板块管理平台（股份公司）.北京首钢股份有限公司.质量检验部.化学分析室.化学分析甲班,A250609,20003022
1522233,首钢集团.钢铁板块管理平台（股份公司）.北京首钢股份有限公司.质量检验部.化学分析室.化学分析乙班,A250610,20003023
1522220,首钢集团.钢铁板块管理平台（股份公司）.北京首钢股份有限公司.质量检验部.化学分析室.化学分析丙班,A250611,20003024
1522177,首钢集团.钢铁板块管理平台（股份公司）.北京首钢股份有限公司.质量检验部.化学分析室.化学分析丁班,A250612,20003025
13461,首钢集团.钢铁板块管理平台（股份公司）.北京首钢股份有限公司.质量检验部.原料质检作业区,A2507,20001952
1522208,首钢集团.钢铁板块管理平台（股份公司）.北京首钢股份有限公司.质量检验部.原料质检作业区.原料甲班,A250702,20003006
1522175,首钢集团.钢铁板块管理平台（股份公司）.北京首钢股份有限公司.质量检验部.原料质检作业区.原料乙班,A250703,20003007
1522202,首钢集团.钢铁板块管理平台（股份公司）.北京首钢股份有限公司.质量检验部.原料质检作业区.原料丙班,A250704,20003008
1522173,首钢集团.钢铁板块管理平台（股份公司）.北京首钢股份有限公司.质量检验部.原料质检作业区.原料丁班,A250705,20003009
1522165,首钢集团.钢铁板块管理平台（股份公司）.北京首钢股份有限公司.质量检验部.原料质检作业区.外购料白班,A250706,20002997
1616879,首钢集团.钢铁板块管理平台（股份公司）.北京首钢股份有限公司.质量检验部.原料质检作业区.厂内甲班,A250707,20002998
1522218,首钢集团.钢铁板块管理平台（股份公司）.北京首钢股份有限公司.质量检验部.原料质检作业区.厂内乙班,A250708,20002999
1522229,首钢集团.钢铁板块管理平台（股份公司）.北京首钢股份有限公司.质量检验部.原料质检作业区.厂内丙班,A250709,20003000
1780629,首钢集团.钢铁板块管理平台（股份公司）.北京首钢股份有限公司.质量检验部.原料质检作业区.厂内丁班,A250710,20003001
1522212,首钢集团.钢铁板块管理平台（股份公司）.北京首钢股份有限公司.质量检验部.原料质检作业区.成品甲班,A250711,20003002
1522180,首钢集团.钢铁板块管理平台（股份公司）.北京首钢股份有限公司.质量检验部.原料质检作业区.成品乙班,A250712,20003003
1780609,首钢集团.钢铁板块管理平台（股份公司）.北京首钢股份有限公司.质量检验部.原料质检作业区.成品丙班,A250713,20003004
1522167,首钢集团.钢铁板块管理平台（股份公司）.北京首钢股份有限公司.质量检验部.原料质检作业区.成品丁班,A250714,20003005
12851,首钢集团.钢铁板块管理平台（股份公司）.北京首钢股份有限公司.职工创业开发中心,A27,20001835
13465,首钢集团.钢铁板块管理平台（股份公司）.北京首钢股份有限公司.职工创业开发中心.综合办公室(党委办公室),A2701,20006675
13467,首钢集团.钢铁板块管理平台（股份公司）.北京首钢股份有限公司.职工创业开发中心.创业开发室,A2702,20006679
1481060,首钢集团.钢铁板块管理平台（股份公司）.北京首钢股份有限公司.职工创业开发中心.创业开发室.绿化服务组,A270221,20490124
9013094,首钢集团.钢铁板块管理平台（股份公司）.北京首钢股份有限公司.职工创业开发中心.创业开发室.绿化服务组.绿色种植一班,A27022102,20491151
15320217,首钢集团.钢铁板块管理平台（股份公司）.北京首钢股份有限公司.职工创业开发中心.创业开发室.绿化服务组.便道修缮班,A27022103,20491890
1481087,首钢集团.钢铁板块管理平台（股份公司）.北京首钢股份有限公司.职工创业开发中心.汽运作业区.汽车白班,A270222,20006682
1481070,首钢集团.钢铁板块管理平台（股份公司）.北京首钢股份有限公司.职工创业开发中心.汽运作业区.汽车三班,A270224,20490128
16488082,首钢集团.钢铁板块管理平台（股份公司）.北京首钢股份有限公司.职工创业开发中心.汽运作业区.环保服务白班,A270224,20490128
19649745,首钢集团.钢铁板块管理平台（股份公司）.北京首钢股份有限公司.职工创业开发中心.汽运作业区.环保服务白班,A270224,20490128
19649748,首钢集团.钢铁板块管理平台（股份公司）.北京首钢股份有限公司.职工创业开发中心.汽运作业区.环保服务白班,A270224,20490128
19693140,首钢集团.钢铁板块管理平台（股份公司）.北京首钢股份有限公司.职工创业开发中心.汽运作业区.环保服务白班,A270224,20490128
1481077,首钢集团.钢铁板块管理平台（股份公司）.北京首钢股份有限公司.职工创业开发中心.汽运作业区.挖掘机白班,A270225,20006697
11671816,首钢集团.钢铁板块管理平台（股份公司）.北京首钢股份有限公司.职工创业开发中心.创业开发室.劳务派遣,A270241,20490123
11671817,首钢集团.钢铁板块管理平台（股份公司）.北京首钢股份有限公司.职工创业开发中心.创业开发室.供应服务项目组,A270247,20489752
15322858,首钢集团.钢铁板块管理平台（股份公司）.北京首钢股份有限公司.职工创业开发中心.创业开发室.不在岗人员,A270249,20490118
13469,首钢集团.钢铁板块管理平台（股份公司）.北京首钢股份有限公司.职工创业开发中心.生产管理室,A2703,20006678
13471,首钢集团.钢铁板块管理平台（股份公司）.北京首钢股份有限公司.职工创业开发中心.安全管理室,A2704,20006677
13473,首钢集团.钢铁板块管理平台（股份公司）.北京首钢股份有限公司.职工创业开发中心.汽运作业区,A2705,20006681
1481325,首钢集团.钢铁板块管理平台（股份公司）.北京首钢股份有限公司.职工创业开发中心.汽运作业区.车辆点检班,A270502,20490127
16488698,首钢集团.钢铁板块管理平台（股份公司）.北京首钢股份有限公司.职工创业开发中心.汽运作业区.环保服务甲班,A270530,20490131
15315933,首钢集团.钢铁板块管理平台（股份公司）.北京首钢股份有限公司.职工创业开发中心.汽运作业区.环保服务乙班,A270531,20490132
15316009,首钢集团.钢铁板块管理平台（股份公司）.北京首钢股份有限公司.职工创业开发中心.汽运作业区.环保服务丙班,A270532,20490129
15316038,首钢集团.钢铁板块管理平台（股份公司）.北京首钢股份有限公司.职工创业开发中心.汽运作业区.环保服务丁班,A270533,20490130
3964707,首钢集团.钢铁板块管理平台（股份公司）.北京首钢股份有限公司.环境保护部,A31,20001820
3966401,首钢集团.钢铁板块管理平台（股份公司）.北京首钢股份有限公司.环境保护部.环保室,A3101,20001873
4700110,首钢集团.钢铁板块管理平台（股份公司）.北京首钢股份有限公司.环境保护部.环保室.环境监测班,A310101,20491876
12436899,首钢集团.钢铁板块管理平台（股份公司）.北京首钢股份有限公司.采购中心,A34,20001828
12239233,首钢集团.钢铁板块管理平台（股份公司）.北京首钢股份有限公司.采购中心.纪委,A3403,20001956
12239247,首钢集团.钢铁板块管理平台（股份公司）.北京首钢股份有限公司.采购中心.燃料采购室,A3404,20001962
12239250,首钢集团.钢铁板块管理平台（股份公司）.北京首钢股份有限公司.采购中心.炉料采购室,A3405,20001961
12239326,首钢集团.钢铁板块管理平台（股份公司）.北京首钢股份有限公司.采购中心.材料采购室,A3406,20001963
12239329,首钢集团.钢铁板块管理平台（股份公司）.北京首钢股份有限公司.采购中心.备件采购室,A3407,20489114
12239367,首钢集团.钢铁板块管理平台（股份公司）.北京首钢股份有限公司.采购中心.备件管理室,A3409,20489113
12239388,首钢集团.钢铁板块管理平台（股份公司）.北京首钢股份有限公司.采购中心.物流管理室,A3411,20001958
12239392,首钢集团.钢铁板块管理平台（股份公司）.北京首钢股份有限公司.采购中心.仓储中心,A3412,20489115
12436267,首钢集团.钢铁板块管理平台（股份公司）.北京首钢股份有限公司.营销中心,A35,20001827
12239409,首钢集团.钢铁板块管理平台（股份公司）.北京首钢股份有限公司.营销中心.党群工作部,A3501,20006674
12239420,首钢集团.钢铁板块管理平台（股份公司）.北京首钢股份有限公司.营销中心.纪委,A3502,20001886
12614190,首钢集团.钢铁板块管理平台（股份公司）.北京首钢股份有限公司.营销中心.营销管理部合同计划室,A350301,20006708
12614195,首钢集团.钢铁板块管理平台（股份公司）.北京首钢股份有限公司.营销中心.营销管理部市场营销室,A350302,20001887
12614209,首钢集团.钢铁板块管理平台（股份公司）.北京首钢股份有限公司.营销中心.营销管理部物流管理室,A350303,20001889
12614221,首钢集团.钢铁板块管理平台（股份公司）.北京首钢股份有限公司.营销中心.营销管理部综合办公室,A350304,20001885
12614218,首钢集团.钢铁板块管理平台（股份公司）.北京首钢股份有限公司.营销中心.客户与产品服务部综合服务室,A350401,20001888
12615568,首钢集团.钢铁板块管理平台（股份公司）.北京首钢股份有限公司.营销中心.客户与产品服务部热板服务室,A350402,20006709
12614307,首钢集团.钢铁板块管理平台（股份公司）.北京首钢股份有限公司.营销中心.客户与产品服务部冷板服务室,A350403,20006670
12615247,首钢集团.钢铁板块管理平台（股份公司）.北京首钢股份有限公司.营销中心.热板销售部热轧薄板销售室,A350501,20001891
12615254,首钢集团.钢铁板块管理平台（股份公司）.北京首钢股份有限公司.营销中心.热板销售部中厚板销售室,A350502,20006672
12615290,首钢集团.钢铁板块管理平台（股份公司）.北京首钢股份有限公司.营销中心.冷板销售部家电及专用钢销售室,A350601,20001892
12615398,首钢集团.钢铁板块管理平台（股份公司）.北京首钢股份有限公司.营销中心.冷板销售部涂镀板销售室,A350602,20006673
12614291,首钢集团.钢铁板块管理平台（股份公司）.北京首钢股份有限公司.营销中心.汽车板销售部汽车板销售室,A350701,20001890
12614331,首钢集团.钢铁板块管理平台（股份公司）.北京首钢股份有限公司.营销中心.汽车板销售部酸洗板销售室,A350702,20001893
12614347,首钢集团.钢铁板块管理平台（股份公司）.北京首钢股份有限公司.营销中心.汽车板销售部汽车板服务室,A350703,20006671
23366695,首钢集团.钢铁板块管理平台（股份公司）.北京首钢股份有限公司.迁顺技术中心,A36,20489965
23366775,首钢集团.钢铁板块管理平台（股份公司）.北京首钢股份有限公司.迁顺技术中心.工艺研究室,A3601,20489966
23366965,首钢集团.钢铁板块管理平台（股份公司）.北京首钢股份有限公司.迁顺技术中心.产品研究室,A3602,20489967
23367019,首钢集团.钢铁板块管理平台（股份公司）.北京首钢股份有限公司.迁顺技术中心.科研管理室,A3603,20489968
23916347,首钢集团.钢铁板块管理平台（股份公司）.北京首钢股份有限公司.资源开发事业部,A37,20490000
24781439,首钢集团.钢铁板块管理平台（股份公司）.北京首钢股份有限公司.资源开发事业部.电子商务中心,A3701,20490016
64135661,首钢集团.钢铁板块管理平台（股份公司）.北京首钢股份有限公司.资源开发事业部.电子商务中心.采购部,A370101,20490112
71655693,首钢集团.钢铁板块管理平台（股份公司）.北京首钢股份有限公司.资源开发事业部.电子商务中心.采购部.钢材市场组,A37010101,20491052
71655650,首钢集团.钢铁板块管理平台（股份公司）.北京首钢股份有限公司.资源开发事业部.电子商务中心.采购部.固废市场组,A37010102,20491053
71655599,首钢集团.钢铁板块管理平台（股份公司）.北京首钢股份有限公司.资源开发事业部.电子商务中心.采购部.工业品组,A37010103,20491054
71654591,首钢集团.钢铁板块管理平台（股份公司）.北京首钢股份有限公司.资源开发事业部.电子商务中心.运营部,A370102,20490111
71655276,首钢集团.钢铁板块管理平台（股份公司）.北京首钢股份有限公司.资源开发事业部.电子商务中心.运营部.计划组,A37010201,20491048
71654845,首钢集团.钢铁板块管理平台（股份公司）.北京首钢股份有限公司.资源开发事业部.电子商务中心.运营部.策划组,A37010202,20491049
71654762,首钢集团.钢铁板块管理平台（股份公司）.北京首钢股份有限公司.资源开发事业部.电子商务中心.运营部.统计核算组,A37010203,20491050
71654713,首钢集团.钢铁板块管理平台（股份公司）.北京首钢股份有限公司.资源开发事业部.电子商务中心.运营部.产品组,A37010204,20491051
16320814,首钢集团.钢铁板块管理平台（股份公司）.北京首钢股份有限公司.资源开发事业部.电子商务中心.储运项目组,A370103,20490120
16321232,首钢集团.钢铁板块管理平台（股份公司）.北京首钢股份有限公司.资源开发事业部.电子商务中心.储运项目组.职能组,A37010301,20491055
16321808,首钢集团.钢铁板块管理平台（股份公司）.北京首钢股份有限公司.资源开发事业部.电子商务中心.储运项目组.发运班组,A37010302,20491056
16331640,首钢集团.钢铁板块管理平台（股份公司）.北京首钢股份有限公司.资源开发事业部.电子商务中心.储运项目组.冷轧发运白班,A37010307,20491064
16323329,首钢集团.钢铁板块管理平台（股份公司）.北京首钢股份有限公司.资源开发事业部.电子商务中心.储运项目组.冷轧发运甲班,A37010308,20491065
16323336,首钢集团.钢铁板块管理平台（股份公司）.北京首钢股份有限公司.资源开发事业部.电子商务中心.储运项目组.冷轧发运甲班,A37010308,20491065
16323379,首钢集团.钢铁板块管理平台（股份公司）.北京首钢股份有限公司.资源开发事业部.电子商务中心.储运项目组.冷轧发运乙班,A37010309,20491066
16323780,首钢集团.钢铁板块管理平台（股份公司）.北京首钢股份有限公司.资源开发事业部.电子商务中心.储运项目组.冷轧发运丙班,A37010310,20491067
16323902,首钢集团.钢铁板块管理平台（股份公司）.北京首钢股份有限公司.资源开发事业部.电子商务中心.储运项目组.冷轧发运丁班,A37010311,20491068
24781499,首钢集团.钢铁板块管理平台（股份公司）.北京首钢股份有限公司.资源开发事业部.备件管控中心,A3702,20490017
70537794,首钢集团.钢铁板块管理平台（股份公司）.北京首钢股份有限公司.资源开发事业部.备件管控中心.备件仓储项目组,A370201,20490113
70537771,首钢集团.钢铁板块管理平台（股份公司）.北京首钢股份有限公司.资源开发事业部.备件管控中心.备件配送项目组,A370202,20490481
272745468,首钢集团.钢铁板块管理平台（股份公司）.北京首钢股份有限公司.资源开发事业部.备件管控中心.备件配送项目组.备件配送班,A37020201,20491150
70536908,首钢集团.钢铁板块管理平台（股份公司）.北京首钢股份有限公司.资源开发事业部.备件管控中心.备件修复项目组,A370203,20490482
32259370,首钢集团.钢铁板块管理平台（股份公司）.北京首钢股份有限公司.北京首钢新能源汽车材料科技有限公司,A38,20490373
32260986,首钢集团.钢铁板块管理平台（股份公司）.北京首钢股份有限公司.北京首钢新能源汽车材料科技有限公司.综合办公室,A3801,20149101
41678834,首钢集团.钢铁板块管理平台（股份公司）.北京首钢股份有限公司.投资管理部,A39,20490936
41678890,首钢集团.钢铁板块管理平台（股份公司）.北京首钢股份有限公司.投资管理部.综合计划管理室,A3901,20490937
41678907,首钢集团.钢铁板块管理平台（股份公司）.北京首钢股份有限公司.投资管理部.工程项目管理室,A3902,20490938
41679009,首钢集团.钢铁板块管理平台（股份公司）.北京首钢股份有限公司.投资管理部.工程组织管理室,A3903,20490939
41679017,首钢集团.钢铁板块管理平台（股份公司）.北京首钢股份有限公司.投资管理部.工程经济管理室,A3904,20490940
88474,首钢集团.钢铁板块管理平台（股份公司）.北京首钢股份有限公司.营销中心.北京首钢金属有限责任公司,C17,20000247
88480,首钢集团.钢铁板块管理平台（股份公司）.北京首钢股份有限公司.营销中心.北京首钢金属有限责任公司.项目部,C1702,20048002
88482,首钢集团.钢铁板块管理平台（股份公司）.北京首钢股份有限公司.营销中心.北京首钢金属有限责任公司.财务部,C1703,20006326
12867,首钢集团.钢铁板块管理平台（股份公司）.北京首钢股份有限公司.北京首钢冷轧薄板有限公司,D,20000256
13684,首钢集团.钢铁板块管理平台（股份公司）.北京首钢股份有限公司.北京首钢冷轧薄板有限公司.公司领导,D00,20006665
13688,首钢集团.钢铁板块管理平台（股份公司）.北京首钢股份有限公司.北京首钢冷轧薄板有限公司.综合管理部,D02,20001984
13694,首钢集团.钢铁板块管理平台（股份公司）.北京首钢股份有限公司.北京首钢冷轧薄板有限公司.设备部,D05,20001987
13696,首钢集团.钢铁板块管理平台（股份公司）.北京首钢股份有限公司.北京首钢冷轧薄板有限公司.能源环保部,D06,20001988
13698,首钢集团.钢铁板块管理平台（股份公司）.北京首钢股份有限公司.北京首钢冷轧薄板有限公司.创业中心,D07,20001994
13700,首钢集团.钢铁板块管理平台（股份公司）.北京首钢股份有限公司.北京首钢冷轧薄板有限公司.安全保卫部,D08,20001989
13702,首钢集团.钢铁板块管理平台（股份公司）.北京首钢股份有限公司.北京首钢冷轧薄板有限公司.计财部,D09,20489651
13704,首钢集团.钢铁板块管理平台（股份公司）.北京首钢股份有限公司.北京首钢冷轧薄板有限公司.酸轧作业区,D10,20001990
13706,首钢集团.钢铁板块管理平台（股份公司）.北京首钢股份有限公司.北京首钢冷轧薄板有限公司.连退作业区,D11,20001991
13708,首钢集团.钢铁板块管理平台（股份公司）.北京首钢股份有限公司.北京首钢冷轧薄板有限公司.成品罩退作业区,D12,20001992
13710,首钢集团.钢铁板块管理平台（股份公司）.北京首钢股份有限公司.北京首钢冷轧薄板有限公司.维检作业区,D13,20001993
13846,首钢集团.钢铁板块管理平台（股份公司）.北京首钢股份有限公司.营销中心.北京首钢金属有限责任公司.北京首钢顺普金属有限公司,D27,20000180
33233533,首钢集团.钢铁板块管理平台（股份公司）.北京首钢股份有限公司.北京首钢冷轧薄板有限公司.制造部,D29,20490480
56573856,首钢集团.钢铁板块管理平台（股份公司）.北京首钢股份有限公司.北京首钢冷轧薄板有限公司.镀锌作业区,D31,20491864
112440,首钢集团.钢铁板块管理平台（股份公司）.北京首钢股份有限公司.迁安首钢迁钢宾馆有限公司,QGBGYXGS,20000485
112446,首钢集团.钢铁板块管理平台（股份公司）.北京首钢股份有限公司.迁安首钢迁钢宾馆有限公司.办公室,QGBGYXGSBGS,20491390
19063132,首钢集团.钢铁板块管理平台（股份公司）.北京首钢股份有限公司.相关方.葫芦岛首钢东华机械有限公司迁安分公司,XGFHUDSGDHJXGSQAFGS,20000375
